|FIELD1|ID |surf            |nb_parcelles|surface_totale    |taille_moy_ha     |Blé tendre        |Prairies permanentes|Maïs grain et ensilage|Orge              |Prairies temporaires|Colza             |Protéagineux      |Plantes à fibres  |Divers            |Fourrage           |Tournesol        |Autres céréales  |Autres cultures industrielles|Gel (surfaces gelées sans production)|Légumes ou fleurs|Vergers         |Estives et landes|culture_majoritaire                  |surface_majoritaire|culture_minoritaire                  |surface_minoritaire |shannon            |part_AB_non       |part_AB_oui       |x                                                                                                                                                                                                          |
|------|---|----------------|------------|------------------|------------------|------------------|--------------------|----------------------|------------------|--------------------|------------------|------------------|------------------|------------------|-------------------|-----------------|-----------------|-----------------------------|-------------------------------------|-----------------|----------------|-----------------|-------------------------------------|-------------------|-------------------------------------|--------------------|-------------------|------------------|------------------|-----------------------------------------------------------------------------------------------------------------------------------------------------------------------------------------------------------|
|1     |1  |216506,350945897|3           |19,6808810416903  |6,56029368056342  |0                 |90,4483279785389    |0                     |9,55167202146105  |0                   |0                 |0                 |0                 |0                 |0                  |0                |0                |0                            |0                                    |0                |0               |0                |Prairies permanentes                 |17,8010278336541   |Orge                                 |1,87985320803616    |0,315119017329212  |90,4483279785389  |90,4483279785389  |list(c(450757.5, 450507.5, 450507.5, 450757.5, 451007.5, 451007.5, 450757.5, 6877243.30107676, 6877387.63864406, 6877676.31377865, 6877820.65134595, 6877676.31377865, 6877387.63864406, 6877243.30107676))|
|2     |2  |216506,350946374|13          |17,7080956780623  |1,36216120600479  |16,7633371691698  |28,4625684402194    |38,4752015447529      |1,72787923398355  |0                   |0                 |0                 |0                 |0                 |0                  |0                |14,5710136118743 |0                            |0                                    |0                |0               |0                |Maïs grain et ensilage               |6,81322550187216   |Orge                                 |0,305974507955177   |1,37532215590928   |59,7969192212635  |59,7969192212635  |list(c(450757.5, 450507.5, 450507.5, 450757.5, 451007.5, 451007.5, 450757.5, 6878109.32648054, 6878253.66404784, 6878542.33918244, 6878686.67674973, 6878542.33918244, 6878253.66404784, 6878109.32648054))|
|3     |3  |216506,350946378|0           |0                 |0                 |0                 |0                   |0                     |0                 |0                   |0                 |0                 |0                 |0                 |0                  |0                |0                |0                            |0                                    |0                |0               |0                |aucune                               |0                  |aucune                               |0                   |0                  |0                 |0                 |list(c(451007.5, 450757.5, 450757.5, 451007.5, 451257.5, 451257.5, 451007.5, 6875944.26297108, 6876088.60053838, 6876377.27567297, 6876521.61324027, 6876377.27567297, 6876088.60053838, 6875944.26297108))|
|4     |4  |216506,350946378|8           |5,62161840238137  |0,702702300297671 |0,920292144135625 |48,8846935371813    |49,3105016474308      |0                 |0                   |0                 |0                 |0                 |0                 |0                  |0                |0                |0                            |0,88451267125227                     |0                |0               |0                |Maïs grain et ensilage               |2,77204823491854   |Gel (surfaces gelées sans production)|0,0497239270985127  |0,783476413889829  |100               |0                 |list(c(451007.5, 450757.5, 450757.5, 451007.5, 451257.5, 451257.5, 451007.5, 6876810.28837487, 6876954.62594216, 6877243.30107676, 6877387.63864406, 6877243.30107676, 6876954.62594216, 6876810.28837487))|
|5     |5  |216506,350945901|11          |13,7311935158954  |1,24829031962685  |0                 |91,9965404424654    |0                     |0                 |0                   |0                 |0                 |0                 |4,57159183058315  |0                  |0                |3,43186772695142 |0                            |0                                    |0                |0               |0                |Prairies permanentes                 |12,6322229960839   |Autres céréales                      |0,471236398797258   |0,333515341114967  |100               |0                 |list(c(451007.5, 450757.5, 450757.5, 451007.5, 451257.5, 451257.5, 451007.5, 6877676.31377865, 6877820.65134595, 6878109.32648054, 6878253.66404784, 6878109.32648054, 6877820.65134595, 6877676.31377865))|
|6     |6  |216506,350945901|12          |19,1035561795956  |1,5919630149663   |5,53364567709605  |42,555389688401     |4,31086271645782      |8,17083663127899  |0                   |0                 |0                 |0                 |0                 |39,4292652867661   |0                |0                |0                            |0                                    |0                |0               |0                |Prairies permanentes                 |8,12959277656954   |Maïs grain et ensilage               |0,823528080863762   |1,23087411803675   |41,40373925923    |41,40373925923    |list(c(451007.5, 450757.5, 450757.5, 451007.5, 451257.5, 451257.5, 451007.5, 6878542.33918244, 6878686.67674973, 6878975.35188433, 6879119.68945162, 6878975.35188433, 6878686.67674973, 6878542.33918244))|
|7     |7  |216506,350945938|2           |1,6891878396925   |0,84459391984625  |0                 |0                   |92,3336751615671      |0                 |0                   |0                 |0                 |0                 |0                 |0                  |0                |0                |0                            |7,66632483843295                     |0                |0               |0                |Maïs grain et ensilage               |1,55968921277036   |Gel (surfaces gelées sans production)|0,129498626922135   |0,270543247497582  |100               |0                 |list(c(451257.5, 451007.5, 451007.5, 451257.5, 451507.5, 451507.5, 451257.5, 6876377.27567297, 6876521.61324027, 6876810.28837487, 6876954.62594216, 6876810.28837487, 6876521.61324027, 6876377.27567297))|
|8     |8  |216506,350945938|10          |12,3340349342723  |1,23340349342723  |60,2550347972707  |38,813775871688     |0,00430662499969674   |0                 |0                   |0                 |0                 |0                 |0                 |0                  |0                |0                |0                            |0,926882706041669                    |0                |0               |0                |Blé tendre                           |7,43187704155331   |Maïs grain et ensilage               |0,000531180631950701|0,716395240195588  |100               |0                 |list(c(451257.5, 451007.5, 451007.5, 451257.5, 451507.5, 451507.5, 451257.5, 6877243.30107676, 6877387.63864406, 6877676.31377865, 6877820.65134595, 6877676.31377865, 6877387.63864406, 6877243.30107676))|
|9     |9  |216506,350946415|9           |10,5788742884446  |1,17543047649384  |1,3046385722746   |98,6953614277254    |0                     |0                 |0                   |0                 |0                 |0                 |0                 |0                  |0                |0                |0                            |0                                    |0                |0               |0                |Prairies permanentes                 |10,4408582139651   |Blé tendre                           |0,138016074479488   |0,0695723618904567 |68,2940708807873  |68,2940708807873  |list(c(451257.5, 451007.5, 451007.5, 451257.5, 451507.5, 451507.5, 451257.5, 6878109.32648054, 6878253.66404784, 6878542.33918244, 6878686.67674973, 6878542.33918244, 6878253.66404784, 6878109.32648054))|
|10    |10 |216506,350946147|10          |19,1219397007965  |1,91219397007965  |54,4556615194037  |3,72150698549504    |2,26812032269151      |0                 |0                   |39,0429273944635  |0,326154370529697 |0                 |0,185629407416552 |0                  |0                |0                |0                            |0                                    |0                |0               |0                |Blé tendre                           |10,4129787594102   |Divers                               |0,0354959433531389  |0,936875518585361  |46,848073745536   |46,848073745536   |list(c(451257.5, 451007.5, 451007.5, 451257.5, 451507.5, 451507.5, 451257.5, 6878975.35188433, 6879119.68945162, 6879408.36458622, 6879552.70215352, 6879408.36458622, 6879119.68945162, 6878975.35188433))|
|11    |11 |216506,350946367|5           |12,8535798117305  |2,57071596234611  |65,4501923221059  |13,0517467929244    |19,9302899114092      |0                 |0                   |0                 |0                 |0                 |0                 |0                  |0                |0                |0                            |1,56777097356049                     |0                |0               |0                |Blé tendre                           |8,41269270705302   |Gel (surfaces gelées sans production)|0,201514693351742   |0,929807219327796  |100               |0                 |list(c(451507.5, 451257.5, 451257.5, 451507.5, 451757.5, 451757.5, 451507.5, 6876810.28837487, 6876954.62594216, 6877243.30107676, 6877387.63864406, 6877243.30107676, 6876954.62594216, 6876810.28837487))|
|12    |12 |216506,350945905|3           |15,5641373204543  |5,18804577348477  |39,0525647767532  |60,9474352232468    |0                     |0                 |0                   |0                 |0                 |0                 |0                 |0                  |0                |0                |0                            |0                                    |0                |0               |0                |Prairies permanentes                 |9,48594251144107   |Blé tendre                           |6,07819480901323    |0,668982634896676  |54,7096753486314  |54,7096753486314  |list(c(451507.5, 451257.5, 451257.5, 451507.5, 451757.5, 451757.5, 451507.5, 6877676.31377865, 6877820.65134595, 6878109.32648054, 6878253.66404784, 6878109.32648054, 6877820.65134595, 6877676.31377865))|
|13    |13 |216506,350945905|18          |17,6034561594879  |0,977969786638215 |4,07996141651183  |37,8765186524588    |45,9462250946601      |0                 |0                   |0,0892664844324878|0                 |0                 |1,87271612864718  |0                  |0                |10,1353122232896 |0                            |0                                    |0                |0               |0                |Maïs grain et ensilage               |8,0881235914781    |Colza                                |0,0157139864521891  |1,16833654079251   |72,0132675428446  |72,0132675428446  |list(c(451507.5, 451257.5, 451257.5, 451507.5, 451757.5, 451757.5, 451507.5, 6878542.33918244, 6878686.67674973, 6878975.35188433, 6879119.68945162, 6878975.35188433, 6878686.67674973, 6878542.33918244))|
|14    |14 |216506,350946121|7           |21,4917676638465  |3,07025252340665  |54,7681098266001  |0                   |0                     |0                 |0                   |27,5048885404527  |17,7270016329472  |0                 |0                 |0                  |0                |0                |0                            |0                                    |0                |0               |0                |Blé tendre                           |11,7706349178132   |Protéagineux                         |3,80984600471929    |0,991464423250296  |98,5188461856781  |98,5188461856781  |list(c(451507.5, 451257.5, 451257.5, 451507.5, 451757.5, 451757.5, 451507.5, 6879408.36458622, 6879552.70215352, 6879841.37728811, 6879985.71485541, 6879841.37728811, 6879552.70215352, 6879408.36458622))|
|15    |15 |216506,35094592 |3           |3,39076269023226  |1,13025423007742  |100               |0                   |0                     |0                 |0                   |0                 |0                 |0                 |0                 |0                  |0                |0                |0                            |0                                    |0                |0               |0                |Blé tendre                           |3,39076269023226   |Blé tendre                           |3,39076269023226    |0                  |100               |0                 |list(c(451757.5, 451507.5, 451507.5, 451757.5, 452007.5, 452007.5, 451757.5, 6877243.30107676, 6877387.63864406, 6877676.31377865, 6877820.65134595, 6877676.31377865, 6877387.63864406, 6877243.30107676))|
|16    |16 |216506,350946382|6           |8,82624530393063  |1,47104088398844  |1,36380667582386  |98,6361933241761    |0                     |0                 |0                   |0                 |0                 |0                 |0                 |0                  |0                |0                |0                            |0                                    |0                |0               |0                |Prairies permanentes                 |8,70587238125103   |Blé tendre                           |0,120372922679596   |0,0721186442298587 |9,10270513791592  |9,10270513791592  |list(c(451757.5, 451507.5, 451507.5, 451757.5, 452007.5, 452007.5, 451757.5, 6878109.32648054, 6878253.66404784, 6878542.33918244, 6878686.67674973, 6878542.33918244, 6878253.66404784, 6878109.32648054))|
|17    |17 |216506,350946158|12          |20,7624918989569  |1,73020765824641  |41,0822389158484  |0                   |2,3836237100849       |0                 |0                   |43,4123669414655  |0,0947752232114648|0                 |4,58995126841806  |4,18932589504047   |0                |4,24771804593115 |0                            |0                                    |0                |0               |0                |Colza                                |9,01348916936721   |Protéagineux                         |0,0196776980414987  |1,23189065911498   |46,7526069843824  |46,7526069843824  |list(c(451757.5, 451507.5, 451507.5, 451757.5, 452007.5, 452007.5, 451757.5, 6878975.35188433, 6879119.68945162, 6879408.36458622, 6879552.70215352, 6879408.36458622, 6879119.68945162, 6878975.35188433))|
|18    |18 |216506,35094592 |3           |7,53801419962582  |2,51267139987527  |0                 |78,4964219656607    |0                     |21,5035780343393  |0                   |0                 |0                 |0                 |0                 |0                  |0                |0                |0                            |0                                    |0                |0               |0                |Prairies permanentes                 |5,9170714339697    |Orge                                 |1,62094276565611    |0,520552717862416  |98,1294088470452  |98,1294088470452  |list(c(452007.5, 451757.5, 451757.5, 452007.5, 452257.5, 452257.5, 452007.5, 6877676.31377865, 6877820.65134595, 6878109.32648054, 6878253.66404784, 6878109.32648054, 6877820.65134595, 6877676.31377865))|
|19    |19 |216506,35094592 |6           |7,82724158635691  |1,30454026439282  |34,8868286316564  |23,0838063496742    |0                     |0                 |0                   |5,86225095936364  |0                 |0                 |0,0202072981864847|0                  |0                |36,1469067611193 |0                            |0                                    |0                |0               |0                |Autres céréales                      |2,82930571818799   |Divers                               |0,00158167404713167 |1,24163012015415   |0,0202072981864847|0,0202072981864847|list(c(452007.5, 451757.5, 451757.5, 452007.5, 452257.5, 452257.5, 452007.5, 6878542.33918244, 6878686.67674973, 6878975.35188433, 6879119.68945162, 6878975.35188433, 6878686.67674973, 6878542.33918244))|
|20    |20 |216506,350946162|13          |21,0646342258831  |1,62035647891408  |6,39230919515408  |38,0155492757278    |10,6488555023189      |1,86647127001506  |0                   |15,9145607120975  |3,40220268547484  |0                 |23,7600513592119  |0                  |0                |0                |0                            |0                                    |0                |0               |0                |Prairies permanentes                 |8,0078364038924    |Orge                                 |0,393165345959866   |1,60527120631375   |45,3149634703405  |45,3149634703405  |list(c(452007.5, 451757.5, 451757.5, 452007.5, 452257.5, 452257.5, 452007.5, 6879408.36458622, 6879552.70215352, 6879841.37728811, 6879985.71485541, 6879841.37728811, 6879552.70215352, 6879408.36458622))|
|21    |21 |216506,350946363|5           |8,70720841183098  |1,7414416823662   |0                 |80,2468808486958    |7,31466947188832      |0                 |12,4384496794159    |0                 |0                 |0                 |0                 |0                  |0                |0                |0                            |0                                    |0                |0               |0                |Prairies permanentes                 |6,98726315948962   |Maïs grain et ensilage               |0,636903515553892   |0,62715709852209   |100               |0                 |list(c(452257.5, 452007.5, 452007.5, 452257.5, 452507.5, 452507.5, 452257.5, 6878109.32648054, 6878253.66404784, 6878542.33918244, 6878686.67674973, 6878542.33918244, 6878253.66404784, 6878109.32648054))|
|22    |22 |216506,35094614 |9           |14,4338156944977  |1,60375729938863  |0                 |45,3272927426717    |0                     |0                 |0                   |0,0809093996676954|0                 |0                 |3,64071432109355  |50,951083536567    |0                |0                |0                            |0                                    |0                |0               |0                |Fourrage                             |7,35418549201764   |Colza                                |0,0116783136275597  |0,82859932945205   |90,4015444487137  |90,4015444487137  |list(c(452257.5, 452007.5, 452007.5, 452257.5, 452507.5, 452507.5, 452257.5, 6878975.35188433, 6879119.68945162, 6879408.36458622, 6879552.70215352, 6879408.36458622, 6879119.68945162, 6878975.35188433))|
|23    |23 |216506,35094614 |9           |21,225887886052   |2,35843198733911  |0                 |21,5915660699106    |24,196795746409       |54,1500512770155  |0                   |0                 |0                 |0                 |0,0615869066648459|0                  |0                |0                |0                            |0                                    |0                |0               |0                |Orge                                 |11,493829174299    |Divers                               |0,0130723677611677  |1,0110258169513    |100               |0                 |list(c(452257.5, 452007.5, 452007.5, 452257.5, 452507.5, 452507.5, 452257.5, 6879841.37728811, 6879985.71485541, 6880274.38999, 6880418.7275573, 6880274.38999, 6879985.71485541, 6879841.37728811))       |
|24    |24 |216506,350945909|12          |13,924670694668   |1,16038922455567  |26,6588433051827  |53,2460539432767    |1,57731446623397      |0                 |18,5177882853067    |0                 |0                 |0                 |0                 |0                  |0                |0                |0                            |0                                    |0                |0               |0                |Prairies permanentes                 |7,41433766950656   |Maïs grain et ensilage               |0,219635845242441   |1,06576533544731   |100               |0                 |list(c(452507.5, 452257.5, 452257.5, 452507.5, 452757.5, 452757.5, 452507.5, 6878542.33918244, 6878686.67674973, 6878975.35188433, 6879119.68945162, 6878975.35188433, 6878686.67674973, 6878542.33918244))|
|25    |25 |216506,350946173|8           |19,38802301231    |2,42350287653875  |22,1917391977703  |77,6190606830145    |0,189200119215187     |0                 |0                   |0                 |0                 |0                 |0                 |0                  |0                |0                |0                            |0                                    |0                |0               |0                |Prairies permanentes                 |15,0488013471617   |Maïs grain et ensilage               |0,0366821626527584  |0,542602078161498  |87,3635857419178  |87,3635857419178  |list(c(452507.5, 452257.5, 452257.5, 452507.5, 452757.5, 452757.5, 452507.5, 6879408.36458622, 6879552.70215352, 6879841.37728811, 6879985.71485541, 6879841.37728811, 6879552.70215352, 6879408.36458622))|
|26    |26 |216506,350946173|8           |21,2577819346759  |2,65722274183448  |9,69447757587967  |17,2312335661382    |17,4484077406731      |44,3605020092361  |0                   |0                 |0                 |11,2653791080728  |0                 |0                  |0                |0                |0                            |0                                    |0                |0               |0                |Orge                                 |9,43005878225092   |Blé tendre                           |2,06083090278655    |1,44041293303217   |83,1999736704984  |83,1999736704984  |list(c(452507.5, 452257.5, 452257.5, 452507.5, 452757.5, 452757.5, 452507.5, 6880274.38999, 6880418.7275573, 6880707.4026919, 6880851.74025919, 6880707.4026919, 6880418.7275573, 6880274.38999))          |
|27    |27 |216506,350946389|12          |16,9083389046778  |1,40902824205649  |58,321106249498   |3,65823998372409    |26,3907398857522      |0                 |6,44953645455977    |5,03620582683672  |0                 |0                 |0,144171599629222 |0                  |0                |0                |0                            |0                                    |0                |0               |0                |Blé tendre                           |9,86113029762236   |Divers                               |0,024377022669604   |1,12379023324824   |100               |0                 |list(c(452757.5, 452507.5, 452507.5, 452757.5, 453007.5, 453007.5, 452757.5, 6878109.32648054, 6878253.66404784, 6878542.33918244, 6878686.67674973, 6878542.33918244, 6878253.66404784, 6878109.32648054))|
|28    |28 |216506,350946151|6           |17,8401830010034  |2,97336383350057  |6,65388962507888  |92,2536941290209    |0                     |0                 |1,09241624590021    |0                 |0                 |0                 |0                 |0                  |0                |0                |0                            |0                                    |0                |0               |0                |Prairies permanentes                 |16,4582278578033   |Prairies temporaires                 |0,194889057401288   |0,304042516686184  |100               |0                 |list(c(452757.5, 452507.5, 452507.5, 452757.5, 453007.5, 453007.5, 452757.5, 6878975.35188433, 6879119.68945162, 6879408.36458622, 6879552.70215352, 6879408.36458622, 6879119.68945162, 6878975.35188433))|
|29    |29 |216506,350946151|11          |10,3084496474574  |0,937131786132489 |15,2641392890687  |34,2797206974379    |35,9807448764881      |2,67956191527296  |0                   |0                 |0                 |0                 |0,714500484209364 |11,0813327375231   |0                |0                |0                            |0                                    |0                |0               |0                |Maïs grain et ensilage               |3,70905696837287   |Divers                               |0,0736539226455614  |1,39778126562806   |100               |0                 |list(c(452757.5, 452507.5, 452507.5, 452757.5, 453007.5, 453007.5, 452757.5, 6879841.37728811, 6879985.71485541, 6880274.38999, 6880418.7275573, 6880274.38999, 6879985.71485541, 6879841.37728811))       |
|30    |30 |216506,350945927|7           |21,1676280291727  |3,02394686131038  |64,8785426421843  |0                   |12,9361633743075      |0                 |0                   |0                 |0                 |4,41877540192467  |0                 |3,72026122385434   |0                |14,0462573577291 |0                            |0                                    |0                |0               |0                |Blé tendre                           |13,7332485772458   |Fourrage                             |0,787491057579033   |1,08124713927096   |100               |0                 |list(c(452757.5, 452507.5, 452507.5, 452757.5, 453007.5, 453007.5, 452757.5, 6880707.4026919, 6880851.74025919, 6881140.41539379, 6881284.75296109, 6881140.41539379, 6880851.74025919, 6880707.4026919))  |
|31    |31 |216506,350945927|7           |21,132617143603   |3,018945306229    |32,6934214436306  |21,3698690026304    |0                     |0                 |0                   |13,824071288807   |0                 |32,1126382649319  |0                 |0                  |0                |0                |0                            |0                                    |0                |0               |0                |Blé tendre                           |6,90897558482707   |Colza                                |2,92138805912233    |1,33360762767916   |100               |0                 |list(c(452757.5, 452507.5, 452507.5, 452757.5, 453007.5, 453007.5, 452757.5, 6882439.45349947, 6882583.79106676, 6882872.46620136, 6883016.80376865, 6882872.46620136, 6882583.79106676, 6882439.45349947))|
|32    |32 |216506,350945909|7           |14,6251901160121  |2,08931287371601  |26,6183588450678  |38,3558200308735    |15,9631592393253      |0                 |0                   |19,0626618847334  |0                 |0                 |0                 |0                  |0                |0                |0                            |0                                    |0                |0               |0                |Prairies permanentes                 |5,6096116000707    |Maïs grain et ensilage               |2,33464238727307    |1,32872013736372   |100               |0                 |list(c(453007.5, 452757.5, 452757.5, 453007.5, 453257.5, 453257.5, 453007.5, 6878542.33918244, 6878686.67674973, 6878975.35188433, 6879119.68945162, 6878975.35188433, 6878686.67674973, 6878542.33918244))|
|33    |33 |216506,350946125|6           |16,9154660329563  |2,81924433882604  |0                 |72,1244040644159    |23,8831866231849      |0                 |3,99240931239929    |0                 |0                 |0                 |0                 |0                  |0                |0                |0                            |0                                    |0                |0               |0                |Prairies permanentes                 |12,2001790709884   |Prairies temporaires                 |0,675334641135484   |0,706279167758983  |84,6758550399895  |84,6758550399895  |list(c(453007.5, 452757.5, 452757.5, 453007.5, 453257.5, 453257.5, 453007.5, 6879408.36458622, 6879552.70215352, 6879841.37728811, 6879985.71485541, 6879841.37728811, 6879552.70215352, 6879408.36458622))|
|34    |34 |216506,350946125|9           |21,1534684304474  |2,35038538116082  |66,9064878291195  |2,8011823262026     |18,0912774713555      |0,0451655356898006|0                   |0                 |0                 |0                 |0,20448509634001  |11,9514017412926   |0                |0                |0                            |0                                    |0                |0               |0                |Blé tendre                           |14,1530427808539   |Orge                                 |0,00955407733358443 |0,948367394314251  |100               |0                 |list(c(453007.5, 452757.5, 452757.5, 453007.5, 453257.5, 453257.5, 453007.5, 6880274.38999, 6880418.7275573, 6880707.4026919, 6880851.74025919, 6880707.4026919, 6880418.7275573, 6880274.38999))          |
|35    |35 |216506,350946371|5           |21,4009791502491  |4,28019583004982  |24,4624960345186  |0                   |33,3504141074716      |0                 |0                   |39,3439479263052  |2,84314193170467  |0                 |0                 |0                  |0                |0                |0                            |0                                    |0                |0               |0                |Colza                                |8,41999009259343   |Protéagineux                         |0,608460212016106   |1,17889456749058   |100               |0                 |list(c(453007.5, 452757.5, 452757.5, 453007.5, 453257.5, 453257.5, 453007.5, 6882006.44079757, 6882150.77836487, 6882439.45349947, 6882583.79106676, 6882439.45349947, 6882150.77836487, 6882006.44079757))|
|36    |36 |216506,350946162|4           |14,086518168913   |3,52162954222826  |0,40469579049545  |99,5953042095045    |0                     |0                 |0                   |0                 |0                 |0                 |0                 |0                  |0                |0                |0                            |0                                    |0                |0               |0                |Prairies permanentes                 |14,0295106228561   |Blé tendre                           |0,0570075460569678  |0,0263366453468281 |18,5239791482512  |18,5239791482512  |list(c(453257.5, 453007.5, 453007.5, 453257.5, 453507.5, 453507.5, 453257.5, 6878975.35188433, 6879119.68945162, 6879408.36458622, 6879552.70215352, 6879408.36458622, 6879119.68945162, 6878975.35188433))|
|37    |37 |216506,350946162|9           |10,8348793424885  |1,20387548249872  |0                 |72,8187933149921    |2,40893487259854      |0                 |0                   |0                 |0                 |0                 |0,533522495713979 |8,99960125549625   |0                |0                |0                            |15,2391480611991                     |0                |0               |0                |Prairies permanentes                 |7,88982839433547   |Divers                               |0,057806518675643   |0,852060412290086  |100               |0                 |list(c(453257.5, 453007.5, 453007.5, 453257.5, 453507.5, 453507.5, 453257.5, 6879841.37728811, 6879985.71485541, 6880274.38999, 6880418.7275573, 6880274.38999, 6879985.71485541, 6879841.37728811))       |
|38    |38 |216506,350945909|7           |20,9220395326304  |2,98886279037577  |21,8247220867264  |0                   |38,1730997997732      |0                 |0                   |15,268104384009   |0                 |0                 |0                 |24,7340737294914   |0                |0                |0                            |0                                    |0                |0               |0                |Maïs grain et ensilage               |7,986591030939     |Colza                                |3,19439883510564    |1,33230336480715   |80,2132499829092  |80,2132499829092  |list(c(453257.5, 453007.5, 453007.5, 453257.5, 453507.5, 453507.5, 453257.5, 6880707.4026919, 6880851.74025919, 6881140.41539379, 6881284.75296109, 6881140.41539379, 6880851.74025919, 6880707.4026919))  |
|39    |39 |216506,350945909|7           |14,698926611872   |2,09984665883885  |0                 |53,2603893261245    |14,6899853815066      |0                 |0                   |0                 |32,0496252923689  |0                 |0                 |0                  |0                |0                |0                            |0                                    |0                |0               |0                |Prairies permanentes                 |7,82870554024433   |Maïs grain et ensilage               |2,15927017052238    |0,981970676325609  |55,1960920038843  |55,1960920038843  |list(c(453257.5, 453007.5, 453007.5, 453257.5, 453507.5, 453507.5, 453257.5, 6881573.42809568, 6881717.76566298, 6882006.44079757, 6882150.77836487, 6882006.44079757, 6881717.76566298, 6881573.42809568))|
|40    |40 |216506,350945909|7           |21,2775231330477  |3,03964616186396  |98,38273699011    |0                   |0                     |0                 |0                   |1,61726300988998  |0                 |0                 |0                 |0                  |0                |0                |0                            |0                                    |0                |0               |0                |Blé tendre                           |20,9334096219961   |Colza                                |0,344113511051564   |0,0827441034234065 |100               |0                 |list(c(453257.5, 453007.5, 453007.5, 453257.5, 453507.5, 453507.5, 453257.5, 6882439.45349947, 6882583.79106676, 6882872.46620136, 6883016.80376865, 6882872.46620136, 6882583.79106676, 6882439.45349947))|
|41    |41 |216506,350945927|12          |17,6607655007881  |1,471730458399    |11,3060803141374  |10,6400218628596    |15,0271051392572      |0                 |0                   |16,1677801096114  |0                 |0                 |0                 |0                  |0                |37,7386847392182 |0                            |9,12032783491619                     |0                |0               |0                |Autres céréales                      |6,66494061487501   |Gel (surfaces gelées sans production)|1,61071971182765    |1,65041900811257   |96,2940859202163  |96,2940859202163  |list(c(453507.5, 453257.5, 453257.5, 453507.5, 453757.5, 453757.5, 453507.5, 6878542.33918244, 6878686.67674973, 6878975.35188433, 6879119.68945162, 6878975.35188433, 6878686.67674973, 6878542.33918244))|
|42    |42 |216506,350946166|9           |13,5653010040603  |1,50725566711781  |19,1686404173626  |46,4882339738       |33,5212209446763      |0                 |0                   |0                 |0                 |0                 |0                 |0                  |0                |0                |0                            |0,821904664161066                    |0                |0               |0                |Prairies permanentes                 |6,30626887001781   |Gel (surfaces gelées sans production)|0,11149384165986    |1,07857829752285   |98,5318371533848  |98,5318371533848  |list(c(453507.5, 453257.5, 453257.5, 453507.5, 453757.5, 453757.5, 453507.5, 6879408.36458622, 6879552.70215352, 6879841.37728811, 6879985.71485541, 6879841.37728811, 6879552.70215352, 6879408.36458622))|
|43    |43 |216506,350946166|11          |20,3994841588921  |1,85449855989928  |15,260787184181   |5,46208301568271    |26,6393841321999      |37,2655643593225  |0                   |0                 |0                 |15,3718098724497  |0                 |0                  |0                |0                |0                            |0,000371436164058201                 |0                |0               |0                |Orge                                 |7,60198289820172   |Gel (surfaces gelées sans production)|7,5771061447449e-05 |1,45381954061877   |100               |0                 |list(c(453507.5, 453257.5, 453257.5, 453507.5, 453757.5, 453757.5, 453507.5, 6880274.38999, 6880418.7275573, 6880707.4026919, 6880851.74025919, 6880707.4026919, 6880418.7275573, 6880274.38999))          |
|44    |44 |216506,350946404|8           |18,5693636254975  |2,32117045318719  |1,06135898907115  |0                   |64,849454680806       |32,6705496164219  |0                   |1,418636713701    |0                 |0                 |0                 |0                  |0                |0                |0                            |0                                    |0                |0               |0                |Maïs grain et ensilage               |12,0421310488311   |Blé tendre                           |0,197087610052526   |0,754963318008298  |96,322464585854   |96,322464585854   |list(c(453507.5, 453257.5, 453257.5, 453507.5, 453757.5, 453757.5, 453507.5, 6881140.41539379, 6881284.75296109, 6881573.42809568, 6881717.76566298, 6881573.42809568, 6881284.75296109, 6881140.41539379))|
|45    |45 |216506,350946404|9           |20,8935775302076  |2,32150861446752  |12,2649067365326  |1,98005139877013    |3,15223543182956      |0                 |0                   |57,8298538709009  |24,6766512473399  |0                 |0                 |0                  |0                |0                |0,00422551685979928          |0,0920757977670509                   |0                |0               |0                |Colza                                |12,0827253541225   |Autres cultures industrielles        |0,000882861641154159|1,11288279745028   |100               |0                 |list(c(453507.5, 453257.5, 453257.5, 453507.5, 453757.5, 453757.5, 453507.5, 6882006.44079757, 6882150.77836487, 6882439.45349947, 6882583.79106676, 6882439.45349947, 6882150.77836487, 6882006.44079757))|
|46    |46 |216506,350945927|5           |17,3004013322175  |3,4600802664435   |99,2642929427617  |0,735707057238306   |0                     |0                 |0                   |0                 |0                 |0                 |0                 |0                  |0                |0                |0                            |0                                    |0                |0               |0                |Blé tendre                           |17,1731210586858   |Prairies permanentes                 |0,127280273531674   |0,0434685588516227 |100               |0                 |list(c(453507.5, 453257.5, 453257.5, 453507.5, 453757.5, 453757.5, 453507.5, 6882872.46620136, 6883016.80376865, 6883305.47890325, 6883449.81647055, 6883305.47890325, 6883016.80376865, 6882872.46620136))|
|47    |47 |216506,350946113|11          |20,7786802274163  |1,88897092976512  |64,7158041627811  |2,30645016335725    |0                     |0                 |29,1898974078632    |0                 |1,79071950211971  |0                 |0                 |0                  |0                |0                |0                            |1,99712876387872                     |0                |0               |0                |Blé tendre                           |13,4470900035852   |Protéagineux                         |0,372087879115436   |0,878179634760053  |99,9753643351006  |99,9753643351006  |list(c(453757.5, 453507.5, 453507.5, 453757.5, 454007.5, 454007.5, 453757.5, 6878975.35188433, 6879119.68945162, 6879408.36458622, 6879552.70215352, 6879408.36458622, 6879119.68945162, 6878975.35188433))|
|48    |48 |216506,350946113|14          |17,0805682849858  |1,2200405917847   |36,6858657678592  |26,024204713575     |34,8745563061059      |0                 |0                   |0                 |0                 |0                 |0                 |0                  |0                |0                |0                            |2,41537321245988                     |0                |0               |0                |Blé tendre                           |6,26615435341741   |Gel (surfaces gelées sans production)|0,412559470891464   |1,1755060480639    |72,4404389444099  |72,4404389444099  |list(c(453757.5, 453507.5, 453507.5, 453757.5, 454007.5, 454007.5, 453757.5, 6879841.37728811, 6879985.71485541, 6880274.38999, 6880418.7275573, 6880274.38999, 6879985.71485541, 6879841.37728811))       |
|49    |49 |216506,350945905|9           |20,0581822304801  |2,22868691449779  |1,49416331866563  |46,0388554208805    |16,3802846487016      |3,67413730599357  |0                   |32,4125593057587  |0                 |0                 |0                 |0                  |0                |0                |0                            |0                                    |0                |0               |0                |Prairies permanentes                 |9,23455751714748   |Blé tendre                           |0,299702001278941   |1,20281512048293   |100               |0                 |list(c(453757.5, 453507.5, 453507.5, 453757.5, 454007.5, 454007.5, 453757.5, 6880707.4026919, 6880851.74025919, 6881140.41539379, 6881284.75296109, 6881140.41539379, 6880851.74025919, 6880707.4026919))  |
|50    |50 |216506,350945905|9           |21,5546642998296  |2,39496269998107  |27,9732569892309  |10,5394507524491    |35,7699503571503      |12,1249400528249  |0                   |13,5924018483449  |0                 |0                 |0                 |0                  |0                |0                |0                            |0                                    |0                |0               |0                |Maïs grain et ensilage               |7,71009271969945   |Prairies permanentes                 |2,27174322873626    |1,48831971898513   |100               |0                 |list(c(453757.5, 453507.5, 453507.5, 453757.5, 454007.5, 454007.5, 453757.5, 6881573.42809568, 6881717.76566298, 6882006.44079757, 6882150.77836487, 6882006.44079757, 6881717.76566298, 6881573.42809568))|
|51    |51 |216506,350945905|7           |20,7874569076465  |2,96963670109235  |38,4397585191988  |0                   |0                     |0                 |0                   |58,4082942374698  |3,15194724333136  |0                 |0                 |0                  |0                |0                |0                            |0                                    |0                |0               |0                |Colza                                |12,1415989951054   |Protéagineux                         |0,655209674959257   |0,790550137733245  |100               |0                 |list(c(453757.5, 453507.5, 453507.5, 453757.5, 454007.5, 454007.5, 453757.5, 6882439.45349947, 6882583.79106676, 6882872.46620136, 6883016.80376865, 6882872.46620136, 6882583.79106676, 6882439.45349947))|
|52    |52 |216506,350945912|8           |19,5537262060514  |2,44421577575642  |2,80433070914572  |56,4834866031508    |0,197846548960736     |0                 |1,04374494645975    |29,7006404824915  |0                 |0                 |0                 |0                  |0                |9,76995070979155 |0                            |0                                    |0                |0               |0                |Prairies permanentes                 |11,0446263220118   |Maïs grain et ensilage               |0,0386863724919036  |1,070610606313     |100               |0                 |list(c(454007.5, 453757.5, 453757.5, 454007.5, 454257.5, 454257.5, 454007.5, 6878542.33918244, 6878686.67674973, 6878975.35188433, 6879119.68945162, 6878975.35188433, 6878686.67674973, 6878542.33918244))|
|53    |53 |216506,350946147|15          |16,3830851838592  |1,09220567892394  |0                 |17,7531478835892    |41,4658212757264      |0                 |7,58761272913522    |0                 |23,3643392246828  |0                 |0                 |5,02562911196017   |0                |4,66077383422248 |0                            |0,142675940683716                    |0                |0               |0                |Maïs grain et ensilage               |6,79338082178906   |Gel (surfaces gelées sans production)|0,0233747208990855  |1,50981719361355   |89,4704729966632  |89,4704729966632  |list(c(454007.5, 453757.5, 453757.5, 454007.5, 454257.5, 454257.5, 454007.5, 6879408.36458622, 6879552.70215352, 6879841.37728811, 6879985.71485541, 6879841.37728811, 6879552.70215352, 6879408.36458622))|
|54    |54 |216506,350946147|10          |20,9004855487025  |2,09004855487025  |3,47846569662403  |38,3211941382359    |57,3252110801262      |0,875129085013869 |0                   |0                 |0                 |0                 |0                 |0                  |0                |0                |0                            |0                                    |0                |0               |0                |Maïs grain et ensilage               |11,981247457565    |Orge                                 |0,182906227945816   |0,844834240279038  |68,872369455724   |68,872369455724   |list(c(454007.5, 453757.5, 453757.5, 454007.5, 454257.5, 454257.5, 454007.5, 6880274.38999, 6880418.7275573, 6880707.4026919, 6880851.74025919, 6880707.4026919, 6880418.7275573, 6880274.38999))          |
|55    |55 |216506,350946374|11          |21,2082362883269  |1,92802148075699  |63,6969656614275  |0                   |0,158893362319487     |10,1699553122262  |0                   |16,8597990044866  |0,132159486846043 |0                 |0                 |0                  |0                |0                |0                            |0                                    |8,98222717269425 |0               |0                |Blé tendre                           |13,50900298597     |Protéagineux                         |0,028028696247749   |1,05536266258169   |100               |0                 |list(c(454007.5, 453757.5, 453757.5, 454007.5, 454257.5, 454257.5, 454007.5, 6881140.41539379, 6881284.75296109, 6881573.42809568, 6881717.76566298, 6881573.42809568, 6881284.75296109, 6881140.41539379))|
|56    |56 |216506,350946374|11          |21,1505147656414  |1,92277406960376  |14,4177434056036  |0                   |2,90998391815483      |0                 |0                   |7,31936415189574  |9,2735653082828   |41,5414179205765  |0                 |0                  |0                |0                |22,0885453602505             |2,44937993523595                     |0                |0               |0                |Plantes à fibres                     |8,78622373114834   |Gel (surfaces gelées sans production)|0,518056464868737   |1,58340785947598   |100               |0                 |list(c(454007.5, 453757.5, 453757.5, 454007.5, 454257.5, 454257.5, 454007.5, 6882006.44079757, 6882150.77836487, 6882439.45349947, 6882583.79106676, 6882439.45349947, 6882150.77836487, 6882006.44079757))|
|57    |57 |216506,350946154|11          |14,7207026627413  |1,33824569661284  |0                 |11,2571604491035    |0                     |19,0432400935731  |11,6668968729732    |55,4706215924465  |0                 |0                 |0                 |2,5620809919037    |0                |0                |0                            |0                                    |0                |0               |0                |Colza                                |8,16566526979841   |Fourrage                             |0,377156324796757   |1,23313374056268   |96,6983533911348  |96,6983533911348  |list(c(454257.5, 454007.5, 454007.5, 454257.5, 454507.5, 454507.5, 454257.5, 6878975.35188433, 6879119.68945162, 6879408.36458622, 6879552.70215352, 6879408.36458622, 6879119.68945162, 6878975.35188433))|
|58    |58 |216506,350946154|14          |13,7130967617108  |0,979506911550771 |7,19504602967655  |85,0959223458968    |7,70903162442668      |0                 |0                   |0                 |0                 |0                 |0                 |0                  |0                |0                |0                            |0                                    |0                |0               |0                |Prairies permanentes                 |11,6692861715631   |Blé tendre                           |0,986663624099176   |0,524260152473355  |41,8227200639795  |41,8227200639795  |list(c(454257.5, 454007.5, 454007.5, 454257.5, 454507.5, 454507.5, 454257.5, 6879841.37728811, 6879985.71485541, 6880274.38999, 6880418.7275573, 6880274.38999, 6879985.71485541, 6879841.37728811))       |
|59    |59 |216506,350945916|10          |20,9620003711743  |2,09620003711743  |37,6843220398446  |22,2894592408379    |21,7024008264593      |5,35984835447567  |0                   |0                 |0                 |0                 |0                 |0                  |0                |0                |0                            |12,9639695383826                     |0                |0               |0                |Blé tendre                           |7,89938772586675   |Orge                                 |1,12353143195957    |1,45560142828002   |93,795436983719   |93,795436983719   |list(c(454257.5, 454007.5, 454007.5, 454257.5, 454507.5, 454507.5, 454257.5, 6880707.4026919, 6880851.74025919, 6881140.41539379, 6881284.75296109, 6881140.41539379, 6880851.74025919, 6880707.4026919))  |
|60    |60 |216506,350945916|7           |21,2677341046728  |3,03824772923897  |83,3269497382546  |0                   |8,03139600447426      |0                 |0                   |0                 |0                 |0                 |0                 |0                  |0                |0                |0                            |0                                    |8,64165425727119 |0               |0                |Blé tendre                           |17,7217541078663   |Maïs grain et ensilage               |1,7080959471249     |0,566121005285589  |100               |0                 |list(c(454257.5, 454007.5, 454007.5, 454257.5, 454507.5, 454507.5, 454257.5, 6881573.42809568, 6881717.76566298, 6882006.44079757, 6882150.77836487, 6882006.44079757, 6881717.76566298, 6881573.42809568))|
|61    |61 |216506,350945916|15          |19,4630055594096  |1,29753370396064  |3,84448922600586  |40,1716130047485    |0,79090665371887      |0                 |0                   |54,0699163101621  |0                 |0,261266174484539 |0,0412507144130385|0,820557916467094  |0                |0                |0                            |0                                    |0                |0               |0                |Colza                                |10,5236308174149   |Divers                               |0,00802862883950584 |0,920556551075725  |100               |0                 |list(c(454257.5, 454007.5, 454007.5, 454257.5, 454507.5, 454507.5, 454257.5, 6882439.45349947, 6882583.79106676, 6882872.46620136, 6883016.80376865, 6882872.46620136, 6882583.79106676, 6882439.45349947))|
|62    |62 |216506,350946128|17          |18,0123935701671  |1,059552562951    |0,451837878207517 |35,1622897136563    |7,41075264568911      |1,07316629171767  |27,9110230085768    |6,84310873309944  |0                 |0                 |0                 |14,7693995443319   |0                |6,37842218472132 |0                            |0                                    |0                |0               |0                |Prairies permanentes                 |6,33357001150614   |Blé tendre                           |0,0813868169218302  |1,63116591638206   |31,7803800379464  |31,7803800379464  |list(c(454507.5, 454257.5, 454257.5, 454507.5, 454757.5, 454757.5, 454507.5, 6879408.36458622, 6879552.70215352, 6879841.37728811, 6879985.71485541, 6879841.37728811, 6879552.70215352, 6879408.36458622))|
|63    |63 |216506,350946128|9           |15,7611039269015  |1,75123376965572  |14,6308131495597  |61,5237634182926    |0                     |0                 |0                   |0                 |0                 |0                 |0                 |21,8154750603514   |0                |0                |0                            |2,02994837179634                     |0                |0               |0                |Prairies permanentes                 |9,69682429209808   |Gel (surfaces gelées sans production)|0,319942272541265   |0,991321761433403  |61,0892438348872  |61,0892438348872  |list(c(454507.5, 454257.5, 454257.5, 454507.5, 454757.5, 454757.5, 454507.5, 6880274.38999, 6880418.7275573, 6880707.4026919, 6880851.74025919, 6880707.4026919, 6880418.7275573, 6880274.38999))          |
|64    |64 |216506,350946363|14          |19,2310073167539  |1,37364337976814  |0,58160368511721  |17,9253884946652    |64,3248006063312      |0                 |0                   |0                 |0                 |0                 |0,7250289751491   |0                  |0                |0                |0                            |1,60441619001257                     |14,8387620487247 |0               |0                |Maïs grain et ensilage               |12,3703071110909   |Blé tendre                           |0,111848247239401   |1,00701580000503   |100               |0                 |list(c(454507.5, 454257.5, 454257.5, 454507.5, 454757.5, 454757.5, 454507.5, 6881140.41539379, 6881284.75296109, 6881573.42809568, 6881717.76566298, 6881573.42809568, 6881284.75296109, 6881140.41539379))|
|65    |65 |216506,350946363|11          |19,9493796874731  |1,81357997158846  |72,7728163198231  |12,954573912777     |0                     |0                 |0                   |1,66353532761285  |0                 |9,61484824649231  |0                 |2,99422619329477   |0                |0                |0                            |0                                    |0                |0               |0                |Blé tendre                           |14,5177254369089   |Colza                                |0,331864978740737   |0,894408099534093  |100               |0                 |list(c(454507.5, 454257.5, 454257.5, 454507.5, 454757.5, 454757.5, 454507.5, 6882006.44079757, 6882150.77836487, 6882439.45349947, 6882583.79106676, 6882439.45349947, 6882150.77836487, 6882006.44079757))|
|66    |66 |216506,350946106|8           |12,703403291155   |1,58792541139437  |22,4507105710479  |14,7767019793358    |0                     |24,5863417040026  |13,9644338997104    |0                 |0                 |0                 |0                 |24,2218118459033   |0                |0                |0                            |0                                    |0                |0               |0                |Orge                                 |3,12330214120087   |Prairies temporaires                 |1,77395835560697    |1,58122559499393   |54,7179197135942  |54,7179197135942  |list(c(454757.5, 454507.5, 454507.5, 454757.5, 455007.5, 455007.5, 454757.5, 6878975.35188433, 6879119.68945162, 6879408.36458622, 6879552.70215352, 6879408.36458622, 6879119.68945162, 6878975.35188433))|
|67    |67 |216506,350946106|10          |19,2738624638182  |1,92738624638182  |77,5372042022959  |21,5775506086118    |0                     |0                 |0                   |0,885245189092333 |0                 |0                 |0                 |0                  |0                |0                |0                            |0                                    |0                |0               |0                |Blé tendre                           |14,9444140962404   |Colza                                |0,170620940213224   |0,57000562085659   |21,4980644946694  |21,4980644946694  |list(c(454757.5, 454507.5, 454507.5, 454757.5, 455007.5, 455007.5, 454757.5, 6879841.37728811, 6879985.71485541, 6880274.38999, 6880418.7275573, 6880274.38999, 6879985.71485541, 6879841.37728811))       |
|68    |68 |216506,350945882|7           |9,45920380668815  |1,35131482952688  |0                 |47,6258408665366    |7,82434160650347      |0                 |0                   |0                 |0                 |0                 |0                 |2,33432474720879   |0                |0                |0                            |0                                    |42,2154927797511 |0               |0                |Prairies permanentes                 |4,50502535221467   |Fourrage                             |0,220808535348438   |1,00441497563718   |100               |0                 |list(c(454757.5, 454507.5, 454507.5, 454757.5, 455007.5, 455007.5, 454757.5, 6880707.4026919, 6880851.74025919, 6881140.41539379, 6881284.75296109, 6881140.41539379, 6880851.74025919, 6880707.4026919))  |
|69    |69 |216506,350945882|9           |18,3514132719043  |2,03904591910048  |48,5620565956689  |14,21448902373      |7,89738202895611      |0                 |0                   |0                 |29,326072351645   |0                 |0                 |0                  |0                |0                |0                            |0                                    |0                |0               |0                |Blé tendre                           |8,91182369920726   |Maïs grain et ensilage               |1,44928121379483    |1,18831579193988   |100               |0                 |list(c(454757.5, 454507.5, 454507.5, 454757.5, 455007.5, 455007.5, 454757.5, 6881573.42809568, 6881717.76566298, 6882006.44079757, 6882150.77836487, 6882006.44079757, 6881717.76566298, 6881573.42809568))|
|70    |70 |216506,350945882|11          |16,7536654379636  |1,52306049436033  |34,4331080321074  |43,5642823098885    |5,95783093119896      |0                 |0                   |0                 |0                 |12,7185238791615  |0,0851751142280515|3,24107973341559   |0                |0                |0                            |0                                    |0                |0               |0                |Prairies permanentes                 |7,2986141086487    |Divers                               |0,0142699536741711  |1,27657299291457   |100               |0                 |list(c(454757.5, 454507.5, 454507.5, 454757.5, 455007.5, 455007.5, 454757.5, 6882439.45349947, 6882583.79106676, 6882872.46620136, 6883016.80376865, 6882872.46620136, 6882583.79106676, 6882439.45349947))|
|71    |71 |216506,35094614 |9           |18,5377856337612  |2,0597539593068   |10,8821096497722  |88,1180010352472    |0                     |0                 |0,525443376167499   |0                 |0                 |0                 |0,232361933682885 |0,242084005130214  |0                |0                |0                            |0                                    |0                |0               |0                |Prairies permanentes                 |16,3351261366696   |Divers                               |0,0430747571605956  |0,409087068001835  |97,4146878960518  |97,4146878960518  |list(c(455007.5, 454757.5, 454757.5, 455007.5, 455257.5, 455257.5, 455007.5, 6879408.36458622, 6879552.70215352, 6879841.37728811, 6879985.71485541, 6879841.37728811, 6879552.70215352, 6879408.36458622))|
|72    |72 |216506,35094614 |3           |0,143108552492126 |0,0477028508307087|0,166529437061408 |25,3571224539615    |0                     |0                 |0                   |0                 |0                 |0                 |0                 |74,4763481089771   |0                |0                |0                            |0                                    |0                |0               |0                |Fourrage                             |0,106582023727754  |Blé tendre                           |0,000238317866851867|0,578055187351984  |74,4763481089771  |74,4763481089771  |list(c(455007.5, 454757.5, 454757.5, 455007.5, 455257.5, 455257.5, 455007.5, 6880274.38999, 6880418.7275573, 6880707.4026919, 6880851.74025919, 6880707.4026919, 6880418.7275573, 6880274.38999))          |
|73    |73 |216506,350946378|13          |12,1012269254102  |0,930863609646937 |16,7727908723451  |52,7667768601478    |0                     |25,9428256465537  |0,318301494087277   |0                 |0                 |0                 |0,81473340354785  |0                  |0                |0                |0                            |3,38457172331832                     |0                |0               |0                |Prairies permanentes                 |6,38542740907131   |Prairies temporaires                 |0,0385183861064725  |1,15892639815578   |100               |0                 |list(c(455007.5, 454757.5, 454757.5, 455007.5, 455257.5, 455257.5, 455007.5, 6881140.41539379, 6881284.75296109, 6881573.42809568, 6881717.76566298, 6881573.42809568, 6881284.75296109, 6881140.41539379))|
|74    |74 |216506,350946378|18          |15,3446076218973  |0,852478201216516 |11,7468059942471  |49,7262598042696    |0                     |23,2042359540596  |0                   |0                 |0                 |13,4643886209841  |0                 |1,85830962643963   |0                |0                |0                            |0                                    |0                |0               |0                |Prairies permanentes                 |7,6302994520104    |Fourrage                             |0,285150320577106   |1,28199040951564   |100               |0                 |list(c(455007.5, 454757.5, 454757.5, 455007.5, 455257.5, 455257.5, 455007.5, 6882006.44079757, 6882150.77836487, 6882439.45349947, 6882583.79106676, 6882439.45349947, 6882150.77836487, 6882006.44079757))|
|75    |75 |216506,350946147|7           |20,0170168501703  |2,85957383573862  |14,8152496391925  |50,4564223939828    |0                     |7,04318597602485  |0                   |27,6851419907998  |0                 |0                 |0                 |0                  |0                |0                |0                            |0                                    |0                |0               |0                |Prairies permanentes                 |10,0998705725967   |Orge                                 |1,40983572360973    |1,1704680232326    |90,8619035210589  |90,8619035210589  |list(c(455257.5, 455007.5, 455007.5, 455257.5, 455507.5, 455507.5, 455257.5, 6878975.35188433, 6879119.68945162, 6879408.36458622, 6879552.70215352, 6879408.36458622, 6879119.68945162, 6878975.35188433))|
|76    |76 |216506,350946147|10          |12,6460431060697  |1,26460431060697  |2,43819858318359  |84,3547804108926    |0                     |0                 |0                   |0                 |0                 |0                 |0                 |13,2070210059238   |0                |0                |0                            |0                                    |0                |0               |0                |Prairies permanentes                 |10,6675418927919   |Blé tendre                           |0,308335643840977   |0,501438435670618  |99,3633233698664  |99,3633233698664  |list(c(455257.5, 455007.5, 455007.5, 455257.5, 455507.5, 455507.5, 455257.5, 6879841.37728811, 6879985.71485541, 6880274.38999, 6880418.7275573, 6880274.38999, 6879985.71485541, 6879841.37728811))       |
|77    |77 |216506,350945923|4           |8,35169189610632  |2,08792297402658  |32,5773034455029  |67,4226965544971    |0                     |0                 |0                   |0                 |0                 |0                 |0                 |0                  |0                |0                |0                            |0                                    |0                |0               |0                |Prairies permanentes                 |5,63093588427829   |Blé tendre                           |2,72075601182804    |0,631144668160974  |100               |0                 |list(c(455257.5, 455007.5, 455007.5, 455257.5, 455507.5, 455507.5, 455257.5, 6880707.4026919, 6880851.74025919, 6881140.41539379, 6881284.75296109, 6881140.41539379, 6880851.74025919, 6880707.4026919))  |
|78    |78 |216506,350945923|9           |13,3399040022786  |1,48221155580873  |16,9059117832448  |83,0940882167552    |0                     |0                 |0                   |0                 |0                 |0                 |0                 |0                  |0                |0                |0                            |0                                    |0                |0               |0                |Prairies permanentes                 |11,0846715996838   |Blé tendre                           |2,25523240259476    |0,454391183002701  |100               |0                 |list(c(455257.5, 455007.5, 455007.5, 455257.5, 455507.5, 455507.5, 455257.5, 6881573.42809568, 6881717.76566298, 6882006.44079757, 6882150.77836487, 6882006.44079757, 6881717.76566298, 6881573.42809568))|
|79    |79 |216506,350945923|15          |20,4716815916312  |1,36477877277541  |17,5447567647003  |6,63076484516724    |24,216396908129       |14,9263327850971  |0                   |20,9153532585286  |0                 |0                 |0,203723732511414 |0                  |0                |0                |0                            |15,5626717058663                     |0                |0               |0                |Maïs grain et ensilage               |4,95750366799779   |Divers                               |0,041705673846323   |1,74199624275417   |100               |0                 |list(c(455257.5, 455007.5, 455007.5, 455257.5, 455507.5, 455507.5, 455257.5, 6882439.45349947, 6882583.79106676, 6882872.46620136, 6883016.80376865, 6882872.46620136, 6882583.79106676, 6882439.45349947))|
|80    |80 |216506,3509464  |14          |21,039181698106   |1,50279869272186  |16,3779619213001  |0                   |7,35156308673769      |21,8463386130072  |0                   |0                 |0                 |48,6578655269151  |0,0943516973873107|0                  |5,58195886232285 |0                |0                            |0,0899602923298119                   |0                |0               |0                |Plantes à fibres                     |10,2372167386278   |Gel (surfaces gelées sans production)|0,0189269093594165  |1,34498975609583   |100               |0                 |list(c(455257.5, 455007.5, 455007.5, 455257.5, 455507.5, 455507.5, 455257.5, 6883305.47890325, 6883449.81647055, 6883738.49160514, 6883882.82917244, 6883738.49160514, 6883449.81647055, 6883305.47890325))|
|81    |81 |216506,350946151|8           |6,44418477762025  |0,805523097202531 |0                 |95,3256703581149    |0                     |0                 |0                   |0                 |0                 |0                 |0                 |0,666644437494626  |0                |0                |0                            |0                                    |0                |0               |4,00768520439046 |Prairies permanentes                 |6,1429623383821    |Fourrage                             |0,0429597993618809  |0,207962225458479  |100               |0                 |list(c(455507.5, 455257.5, 455257.5, 455507.5, 455757.5, 455757.5, 455507.5, 6879408.36458622, 6879552.70215352, 6879841.37728811, 6879985.71485541, 6879841.37728811, 6879552.70215352, 6879408.36458622))|
|82    |82 |216506,350946151|10          |17,7642836035127  |1,77642836035127  |2,18100852166725  |0                   |40,3766236544547      |23,983173246231   |0                   |0                 |23,8003852840994  |0                 |1,2539949594774   |8,40481433407018   |0                |0                |0                            |0                                    |0                |0               |0                |Maïs grain et ensilage               |7,17261793550032   |Divers                               |0,22276322097532    |1,39674258669772   |100               |0                 |list(c(455507.5, 455257.5, 455257.5, 455507.5, 455757.5, 455757.5, 455507.5, 6880274.38999, 6880418.7275573, 6880707.4026919, 6880851.74025919, 6880707.4026919, 6880418.7275573, 6880274.38999))          |
|83    |83 |216506,350946367|14          |15,4947817556827  |1,10677012540591  |28,7347221811739  |48,2957298290938    |0                     |19,396258487831   |2,43942793975299    |0                 |0                 |0                 |0                 |0                  |0                |0                |0                            |1,13386156214835                     |0                |0               |0                |Prairies permanentes                 |7,48331793433222   |Gel (surfaces gelées sans production)|0,175689374466462   |1,16934351406492   |100               |0                 |list(c(455507.5, 455257.5, 455257.5, 455507.5, 455757.5, 455757.5, 455507.5, 6881140.41539379, 6881284.75296109, 6881573.42809568, 6881717.76566298, 6881573.42809568, 6881284.75296109, 6881140.41539379))|
|84    |84 |216506,350946367|16          |15,9102507065681  |0,994390669160509 |50,3401675497933  |6,6805562868032     |0                     |23,3785346825702  |17,3010185020068    |0,936948458630573 |0                 |0                 |0                 |0                  |0                |0                |0                            |1,36277452019585                     |0                |0               |0                |Blé tendre                           |8,00924686327858   |Colza                                |0,14907084875945    |1,27189255603124   |100               |0                 |list(c(455507.5, 455257.5, 455257.5, 455507.5, 455757.5, 455757.5, 455507.5, 6882006.44079757, 6882150.77836487, 6882439.45349947, 6882583.79106676, 6882439.45349947, 6882150.77836487, 6882006.44079757))|
|85    |85 |216506,350945905|6           |20,4829348100294  |3,41382246833824  |4,14883551109428  |4,52098918784051    |85,7771982124159      |0                 |0                   |0                 |0                 |0                 |0                 |0                  |0                |0                |0                            |5,55297708864931                     |0                |0               |0                |Maïs grain et ensilage               |17,5696875917189   |Blé tendre                           |0,849803273112792   |0,564144082987134  |100               |0                 |list(c(455507.5, 455257.5, 455257.5, 455507.5, 455757.5, 455757.5, 455507.5, 6882872.46620136, 6883016.80376865, 6883305.47890325, 6883449.81647055, 6883305.47890325, 6883016.80376865, 6882872.46620136))|
|86    |86 |216506,350945905|8           |20,0913488552832  |2,5114186069104   |2,32340771421759  |12,081353361562     |0                     |16,5772208880112  |45,1128123076462    |0                 |0                 |9,73478132819396  |0                 |0                  |14,1704244003691 |0                |0                            |0                                    |0                |0               |0                |Prairies temporaires                 |9,06377249915833   |Blé tendre                           |0,466803949194017   |1,50342599140532   |100               |0                 |list(c(455507.5, 455257.5, 455257.5, 455507.5, 455757.5, 455757.5, 455507.5, 6883738.49160514, 6883882.82917244, 6884171.50430703, 6884315.84187433, 6884171.50430703, 6883882.82917244, 6883738.49160514))|
|87    |87 |216506,350946158|9           |15,5869023615485  |1,73187804017206  |50,4797305767312  |25,0325462516358    |0                     |0                 |0                   |0                 |0                 |0                 |0                 |24,2706940265217   |0                |0                |0                            |0,217029145111304                    |0                |0               |0                |Blé tendre                           |7,86822631736784   |Gel (surfaces gelées sans production)|0,0338281209446024  |1,048736747662     |90,3614225216795  |90,3614225216795  |list(c(455757.5, 455507.5, 455507.5, 455757.5, 456007.5, 456007.5, 455757.5, 6878975.35188433, 6879119.68945162, 6879408.36458622, 6879552.70215352, 6879408.36458622, 6879119.68945162, 6878975.35188433))|
|88    |88 |216506,350946158|14          |15,6077771301177  |1,11484122357983  |39,3767070663057  |15,5574672951558    |42,4019366769344      |0                 |0                   |0                 |0                 |0                 |1,73035537369101  |0,214207981084655  |0                |0                |0                            |0                                    |0                |0               |0,719325606828453|Maïs grain et ensilage               |6,61799977538954   |Fourrage                             |0,0334331042826176  |1,13911345813061   |100               |0                 |list(c(455757.5, 455507.5, 455507.5, 455757.5, 456007.5, 456007.5, 455757.5, 6879841.37728811, 6879985.71485541, 6880274.38999, 6880418.7275573, 6880274.38999, 6879985.71485541, 6879841.37728811))       |
|89    |89 |216506,350945905|9           |16,2577360360205  |1,80641511511339  |31,6432719799866  |19,8132855400495    |12,151761273683       |19,6345020136193  |0                   |2,02531471378059  |11,3187674662075  |0                 |0                 |0                  |0                |3,41309701267347 |0                            |0                                    |0                |0               |0                |Blé tendre                           |5,14447963166626   |Colza                                |0,329270320065133   |1,70144922215273   |100               |0                 |list(c(455757.5, 455507.5, 455507.5, 455757.5, 456007.5, 456007.5, 455757.5, 6880707.4026919, 6880851.74025919, 6881140.41539379, 6881284.75296109, 6881140.41539379, 6880851.74025919, 6880707.4026919))  |
|90    |90 |216506,350945905|7           |4,61966120733604  |0,659951601048006 |38,4871966106599  |61,0232497373343    |0                     |0                 |0,489553652005739   |0                 |0                 |0                 |0                 |0                  |0                |0                |0                            |0                                    |0                |0               |0                |Prairies permanentes                 |2,81906739557143   |Prairies temporaires                 |0,022615720150806   |0,694937509357641  |100               |0                 |list(c(455757.5, 455507.5, 455507.5, 455757.5, 456007.5, 456007.5, 455757.5, 6881573.42809568, 6881717.76566298, 6882006.44079757, 6882150.77836487, 6882006.44079757, 6881717.76566298, 6881573.42809568))|
|91    |91 |216506,350945905|6           |9,72617309198065  |1,62102884866344  |0                 |93,5157966082272    |1,33513576189093      |0                 |0                   |0,736398727808017 |0                 |0                 |0                 |0                  |0                |0                |0                            |4,41266890207386                     |0                |0               |0                |Prairies permanentes                 |9,09550824646074   |Colza                                |0,0716234149137512  |0,294190521904706  |100               |0                 |list(c(455757.5, 455507.5, 455507.5, 455757.5, 456007.5, 456007.5, 455757.5, 6882439.45349947, 6882583.79106676, 6882872.46620136, 6883016.80376865, 6882872.46620136, 6882583.79106676, 6882439.45349947))|
|92    |92 |216506,350946397|5           |16,4290180546602  |3,28580361093204  |0                 |0                   |0                     |97,9194386882327  |2,08056131176729    |0                 |0                 |0                 |0                 |0                  |0                |0                |0                            |0                                    |0                |0               |0                |Orge                                 |16,0872022611117   |Prairies temporaires                 |0,341815793548524   |0,101158071802539  |100               |0                 |list(c(455757.5, 455507.5, 455507.5, 455757.5, 456007.5, 456007.5, 455757.5, 6883305.47890325, 6883449.81647055, 6883738.49160514, 6883882.82917244, 6883738.49160514, 6883449.81647055, 6883305.47890325))|
|93    |93 |216506,350946397|9           |18,4981251607813  |2,05534724008681  |0                 |26,2778305793921    |0                     |0                 |73,6693213254404    |0                 |0                 |0                 |0,0528480951674155|0                  |0                |0                |0                            |0                                    |0                |0               |0                |Prairies temporaires                 |13,6274432638781   |Divers                               |0,00977590678915731 |0,58029775426157   |100               |0                 |list(c(455757.5, 455507.5, 455507.5, 455757.5, 456007.5, 456007.5, 455757.5, 6884171.50430703, 6884315.84187433, 6884604.51700893, 6884748.85457622, 6884604.51700893, 6884315.84187433, 6884171.50430703))|
|94    |94 |216506,350946162|8           |20,2546111234978  |2,53182639043722  |60,7833384097791  |7,43219332063704    |0                     |0                 |0                   |20,14040325861    |1,05312469395909  |0                 |0                 |0,00365004764649498|0                |0                |0                            |0                                    |0                |0               |10,5872902693683 |Blé tendre                           |12,3114288227804   |Fourrage                             |0,00073930295661994 |1,10460489019191   |100               |0                 |list(c(456007.5, 455757.5, 455757.5, 456007.5, 456257.5, 456257.5, 456007.5, 6879408.36458622, 6879552.70215352, 6879841.37728811, 6879985.71485541, 6879841.37728811, 6879552.70215352, 6879408.36458622))|
|95    |95 |216506,350946162|5           |20,9221433850625  |4,18442867701249  |31,946380684879   |0                   |33,479526453254       |0                 |0                   |34,574092861867   |0                 |0                 |0                 |0                  |0                |0                |0                            |0                                    |0                |0               |0                |Colza                                |7,23364128264445   |Blé tendre                           |6,68386757322829    |1,09808834484523   |100               |0                 |list(c(456007.5, 455757.5, 455757.5, 456007.5, 456257.5, 456257.5, 456007.5, 6880274.38999, 6880418.7275573, 6880707.4026919, 6880851.74025919, 6880707.4026919, 6880418.7275573, 6880274.38999))          |
|96    |96 |216506,350946367|12          |11,0100307498802  |0,917502562490016 |6,84320140119852  |40,8814272163889    |0                     |5,12878745755695  |0                   |0                 |0                 |0                 |0,876877445556352 |0                  |0                |46,2697064792993 |0                            |0                                    |0                |0               |0                |Autres céréales                      |5,09430891125016   |Divers                               |0,0965444763945183  |1,09967772724857   |100               |0                 |list(c(456007.5, 455757.5, 455757.5, 456007.5, 456257.5, 456257.5, 456007.5, 6881140.41539379, 6881284.75296109, 6881573.42809568, 6881717.76566298, 6881573.42809568, 6881284.75296109, 6881140.41539379))|
|97    |97 |216506,350946367|2           |0,442870025457651 |0,221435012728826 |3,40754574960038  |96,5924542503996    |0                     |0                 |0                   |0                 |0                 |0                 |0                 |0                  |0                |0                |0                            |0                                    |0                |0               |0                |Prairies permanentes                 |0,427779026728915  |Blé tendre                           |0,0150909987287363  |0,148635212075085  |100               |0                 |list(c(456007.5, 455757.5, 455757.5, 456007.5, 456257.5, 456257.5, 456007.5, 6882006.44079757, 6882150.77836487, 6882439.45349947, 6882583.79106676, 6882439.45349947, 6882150.77836487, 6882006.44079757))|
|98    |98 |216506,35094592 |8           |10,6628176898929  |1,33285221123661  |0                 |78,2194168465358    |5,92049440374308      |11,4016500784344  |0                   |0                 |0                 |0                 |0                 |0                  |0                |0                |0                            |4,4584386712868                      |0                |0               |0                |Prairies permanentes                 |8,34039381644349   |Gel (surfaces gelées sans production)|0,475395187334996   |0,745756180908457  |100               |0                 |list(c(456007.5, 455757.5, 455757.5, 456007.5, 456257.5, 456257.5, 456007.5, 6882872.46620136, 6883016.80376865, 6883305.47890325, 6883449.81647055, 6883305.47890325, 6883016.80376865, 6882872.46620136))|
|99    |99 |216506,35094592 |7           |21,3149957726544  |3,04499939609349  |0                 |0,545365334273291   |0                     |29,3518231663525  |70,1028114993742    |0                 |0                 |0                 |0                 |0                  |0                |0                |0                            |0                                    |0                |0               |0                |Prairies temporaires                 |14,9424113076035   |Prairies permanentes                 |0,116244597945875   |0,637231047159641  |100               |0                 |list(c(456007.5, 455757.5, 455757.5, 456007.5, 456257.5, 456257.5, 456007.5, 6883738.49160514, 6883882.82917244, 6884171.50430703, 6884315.84187433, 6884171.50430703, 6883882.82917244, 6883738.49160514))|
|100   |100|216506,35094592 |8           |19,3344002136837  |2,41680002671046  |0,410825065215029 |25,353062854215     |0                     |0                 |58,1998628842314    |16,0362491963386  |0                 |0                 |0                 |0                  |0                |0                |0                            |0                                    |0                |0               |0                |Prairies temporaires                 |11,2525944138524   |Blé tendre                           |0,0794305622868007  |0,97902930979712   |100               |0                 |list(c(456007.5, 455757.5, 455757.5, 456007.5, 456257.5, 456257.5, 456007.5, 6884604.51700893, 6884748.85457622, 6885037.52971082, 6885181.86727812, 6885037.52971082, 6884748.85457622, 6884604.51700893))|
|101   |101|216506,35094614 |5           |20,6029347201179  |4,12058694402358  |30,8667324280919  |0                   |11,0056012449239      |0                 |0                   |0                 |57,8001391525708  |0                 |0,327527174413334 |0                  |0                |0                |0                            |0                                    |0                |0               |0                |Protéagineux                         |11,9085249377415   |Divers                               |0,0674802099350258  |0,941290789779902  |100               |0                 |list(c(456257.5, 456007.5, 456007.5, 456257.5, 456507.5, 456507.5, 456257.5, 6878975.35188433, 6879119.68945162, 6879408.36458622, 6879552.70215352, 6879408.36458622, 6879119.68945162, 6878975.35188433))|
|102   |102|216506,35094614 |6           |19,8860049401822  |3,31433415669704  |81,7793843991747  |0                   |0                     |0                 |0                   |15,6640237740474  |0                 |0                 |2,55659182677794  |0                  |0                |0                |0                            |0                                    |0                |0               |0                |Blé tendre                           |16,2626524216705   |Divers                               |0,508403976973356   |0,548612690364126  |100               |0                 |list(c(456257.5, 456007.5, 456007.5, 456257.5, 456507.5, 456507.5, 456257.5, 6879841.37728811, 6879985.71485541, 6880274.38999, 6880418.7275573, 6880274.38999, 6879985.71485541, 6879841.37728811))       |
|103   |103|216506,350945901|10          |19,9898824468092  |1,99898824468092  |19,243840208897   |10,0772822447739    |0                     |44,1238585205814  |0                   |24,6907539429752  |0                 |0                 |1,86426508277248  |0                  |0                |0                |0                            |0                                    |0                |0               |0                |Orge                                 |8,82030744926064   |Divers                               |0,372664398543129   |1,32900511894783   |100               |0                 |list(c(456257.5, 456007.5, 456007.5, 456257.5, 456507.5, 456507.5, 456257.5, 6880707.4026919, 6880851.74025919, 6881140.41539379, 6881284.75296109, 6881140.41539379, 6880851.74025919, 6880707.4026919))  |
|104   |104|216506,350945901|3           |5,23234114915989  |1,74411371638663  |0                 |100                 |0                     |0                 |0                   |0                 |0                 |0                 |0                 |0                  |0                |0                |0                            |0                                    |0                |0               |0                |Prairies permanentes                 |5,23234114915989   |Prairies permanentes                 |5,23234114915989    |0                  |100               |0                 |list(c(456257.5, 456007.5, 456007.5, 456257.5, 456507.5, 456507.5, 456257.5, 6881573.42809568, 6881717.76566298, 6882006.44079757, 6882150.77836487, 6882006.44079757, 6881717.76566298, 6881573.42809568))|
|105   |105|216506,350945901|0           |0                 |0                 |0                 |0                   |0                     |0                 |0                   |0                 |0                 |0                 |0                 |0                  |0                |0                |0                            |0                                    |0                |0               |0                |aucune                               |0                  |aucune                               |0                   |0                  |0                 |0                 |list(c(456257.5, 456007.5, 456007.5, 456257.5, 456507.5, 456507.5, 456257.5, 6882439.45349947, 6882583.79106676, 6882872.46620136, 6883016.80376865, 6882872.46620136, 6882583.79106676, 6882439.45349947))|
|106   |106|216506,350946348|11          |12,9190148174307  |1,1744558924937   |0                 |14,907815971529     |28,9281240164675      |23,7646827250492  |0                   |0                 |0                 |0                 |0                 |0                  |0                |0                |0                            |32,3993772869542                     |0                |0               |0                |Gel (surfaces gelées sans production)|4,18568035245689   |Prairies permanentes                 |1,92594295431713    |1,349192148086     |100               |0                 |list(c(456257.5, 456007.5, 456007.5, 456257.5, 456507.5, 456507.5, 456257.5, 6883305.47890325, 6883449.81647055, 6883738.49160514, 6883882.82917244, 6883738.49160514, 6883449.81647055, 6883305.47890325))|
|107   |107|216506,350946348|7           |20,0482980540408  |2,86404257914869  |6,03358393338937  |8,73433010644633    |0                     |3,84073762227993  |73,7876688042415    |7,60367953364284  |0                 |0                 |0                 |0                  |0                |0                |0                            |0                                    |0                |0               |0                |Prairies temporaires                 |14,7931717690028   |Orge                                 |0,770002525988361   |0,927747174154524  |100               |0                 |list(c(456257.5, 456007.5, 456007.5, 456257.5, 456507.5, 456507.5, 456257.5, 6884171.50430703, 6884315.84187433, 6884604.51700893, 6884748.85457622, 6884604.51700893, 6884315.84187433, 6884171.50430703))|
|108   |108|216506,35094614 |18          |20,7250342162517  |1,15139078979176  |23,275766401177   |7,39355943115587    |0                     |40,6373181440735  |7,20560134461796    |14,5831819612423  |0                 |0                 |0,540802222730376 |2,11173576774506   |0                |0                |0                            |4,25203472725788                     |0                |0               |0                |Orge                                 |8,42209808992628   |Divers                               |0,11208144570312    |1,61206856580134   |100               |0                 |list(c(456257.5, 456007.5, 456007.5, 456257.5, 456507.5, 456507.5, 456257.5, 6885037.52971082, 6885181.86727812, 6885470.54241271, 6885614.87998001, 6885470.54241271, 6885181.86727812, 6885037.52971082))|
|109   |109|216506,350946173|9           |20,8842300234536  |2,32047000260595  |0,697671528744948 |0                   |0,000107502963725813  |0                 |0                   |61,2568160701772  |0,404706709740145 |37,4202319558624  |0,220466232511565 |0                  |0                |0                |0                            |0                                    |0                |0               |0                |Colza                                |12,7930143731397   |Maïs grain et ensilage               |2,24511662265286e-05|0,738482141689115  |100               |0                 |list(c(456507.5, 456257.5, 456257.5, 456507.5, 456757.5, 456757.5, 456507.5, 6879408.36458622, 6879552.70215352, 6879841.37728811, 6879985.71485541, 6879841.37728811, 6879552.70215352, 6879408.36458622))|
|110   |110|216506,350946173|5           |12,4645920637492  |2,49291841274983  |51,8385407593368  |35,2019255085806    |0                     |0                 |0                   |12,9595337320826  |0                 |0                 |0                 |0                  |0                |0                |0                            |0                                    |0                |0               |0                |Blé tendre                           |6,46146263745166   |Colza                                |1,61535301306807    |0,972937693677546  |100               |0                 |list(c(456507.5, 456257.5, 456257.5, 456507.5, 456757.5, 456757.5, 456507.5, 6880274.38999, 6880418.7275573, 6880707.4026919, 6880851.74025919, 6880707.4026919, 6880418.7275573, 6880274.38999))          |
|111   |111|216506,3509464  |7           |8,40661690279234  |1,20094527182748  |49,9153602053559  |9,05132849697363    |0                     |5,37951853904987  |0                   |0                 |0                 |0                 |0                 |0                  |0                |35,6537927586205 |0                            |0                                    |0                |0               |0                |Blé tendre                           |4,19619310811313   |Orge                                 |0,452235514792614   |1,08919196969653   |100               |0                 |list(c(456507.5, 456257.5, 456257.5, 456507.5, 456757.5, 456757.5, 456507.5, 6881140.41539379, 6881284.75296109, 6881573.42809568, 6881717.76566298, 6881573.42809568, 6881284.75296109, 6881140.41539379))|
|112   |112|216506,3509464  |0           |0                 |0                 |0                 |0                   |0                     |0                 |0                   |0                 |0                 |0                 |0                 |0                  |0                |0                |0                            |0                                    |0                |0               |0                |aucune                               |0                  |aucune                               |0                   |0                  |0                 |0                 |list(c(456507.5, 456257.5, 456257.5, 456507.5, 456757.5, 456757.5, 456507.5, 6882006.44079757, 6882150.77836487, 6882439.45349947, 6882583.79106676, 6882439.45349947, 6882150.77836487, 6882006.44079757))|
|113   |113|216506,350945938|0           |0                 |0                 |0                 |0                   |0                     |0                 |0                   |0                 |0                 |0                 |0                 |0                  |0                |0                |0                            |0                                    |0                |0               |0                |aucune                               |0                  |aucune                               |0                   |0                  |0                 |0                 |list(c(456507.5, 456257.5, 456257.5, 456507.5, 456757.5, 456757.5, 456507.5, 6882872.46620136, 6883016.80376865, 6883305.47890325, 6883449.81647055, 6883305.47890325, 6883016.80376865, 6882872.46620136))|
|114   |114|216506,350945938|10          |13,5446529129678  |1,35446529129678  |0                 |23,3672342540375    |1,78204751083992      |74,254525037144   |0,384577471993147   |0                 |0                 |0                 |0                 |0                  |0                |0                |0                            |0,21161572598538                     |0                |0               |0                |Orge                                 |10,0575176884539   |Gel (surfaces gelées sans production)|0,0286626155939768  |0,666943094030568  |100               |0                 |list(c(456507.5, 456257.5, 456257.5, 456507.5, 456757.5, 456757.5, 456507.5, 6883738.49160514, 6883882.82917244, 6884171.50430703, 6884315.84187433, 6884171.50430703, 6883882.82917244, 6883738.49160514))|
|115   |115|216506,350945938|9           |19,1813623178023  |2,13126247975581  |31,4086354167516  |6,92556741978985    |0                     |0                 |28,5823194525299    |33,0834777109287  |0                 |0                 |0                 |0                  |0                |0                |0                            |0                                    |0                |0               |0                |Colza                                |6,34586172706258   |Prairies permanentes                 |1,32841817935356    |1,27255672881822   |100               |0                 |list(c(456507.5, 456257.5, 456257.5, 456507.5, 456757.5, 456757.5, 456507.5, 6884604.51700893, 6884748.85457622, 6885037.52971082, 6885181.86727812, 6885037.52971082, 6884748.85457622, 6884604.51700893))|
|116   |116|216506,350946173|4           |13,587005646278   |3,3967514115695   |43,997577364697   |0                   |0                     |45,0938999778217  |0                   |0                 |0                 |0                 |0                 |0                  |0                |0                |0                            |10,9085226574813                     |0                |0               |0                |Orge                                 |6,1269107361136    |Gel (surfaces gelées sans production)|1,4821415893975     |0,962066105464357  |100               |0                 |list(c(456507.5, 456257.5, 456257.5, 456507.5, 456757.5, 456757.5, 456507.5, 6885470.54241271, 6885614.87998001, 6885903.5551146, 6886047.8926819, 6885903.5551146, 6885614.87998001, 6885470.54241271))   |
|117   |117|216506,350946181|9           |18,0704091254991  |2,00782323616656  |0                 |0                   |45,4956614263862      |3,81041169700029  |0                   |16,6938399057603  |0                 |5,43436705892316  |28,5657199119301  |0                  |0                |0                |0                            |0                                    |0                |0               |0                |Maïs grain et ensilage               |8,22125215409985   |Orge                                 |0,688556983013824   |1,2978365183311    |100               |0                 |list(c(456757.5, 456507.5, 456507.5, 456757.5, 457007.5, 457007.5, 456757.5, 6878975.35188433, 6879119.68945162, 6879408.36458622, 6879552.70215352, 6879408.36458622, 6879119.68945162, 6878975.35188433))|
|118   |118|216506,350946181|13          |10,3070920037462  |0,7928532310574   |4,06921897868741  |10,3564094306904    |7,46711498676097      |0                 |0                   |76,215348233755   |0                 |0                 |0                 |0,648933255517194  |0                |1,24297511458898 |0                            |0                                    |0                |0               |0                |Colza                                |7,85558606342869   |Fourrage                             |0,0668861476890626  |0,853104242116926  |100               |0                 |list(c(456757.5, 456507.5, 456507.5, 456757.5, 457007.5, 457007.5, 456757.5, 6879841.37728811, 6879985.71485541, 6880274.38999, 6880418.7275573, 6880274.38999, 6879985.71485541, 6879841.37728811))       |
|119   |119|216506,350945912|6           |8,12827654753458  |1,35471275792243  |70,2805141280757  |26,3313116412843    |3,38817423063999      |0                 |0                   |0                 |0                 |0                 |0                 |0                  |0                |0                |0                            |0                                    |0                |0               |0                |Blé tendre                           |5,7125945473591    |Maïs grain et ensilage               |0,275400171378721   |0,713915851343225  |100               |0                 |list(c(456757.5, 456507.5, 456507.5, 456757.5, 457007.5, 457007.5, 456757.5, 6880707.4026919, 6880851.74025919, 6881140.41539379, 6881284.75296109, 6881140.41539379, 6880851.74025919, 6880707.4026919))  |
|120   |120|216506,350945912|0           |0                 |0                 |0                 |0                   |0                     |0                 |0                   |0                 |0                 |0                 |0                 |0                  |0                |0                |0                            |0                                    |0                |0               |0                |aucune                               |0                  |aucune                               |0                   |0                  |0                 |0                 |list(c(456757.5, 456507.5, 456507.5, 456757.5, 457007.5, 457007.5, 456757.5, 6881573.42809568, 6881717.76566298, 6882006.44079757, 6882150.77836487, 6882006.44079757, 6881717.76566298, 6881573.42809568))|
|121   |121|216506,350945912|0           |0                 |0                 |0                 |0                   |0                     |0                 |0                   |0                 |0                 |0                 |0                 |0                  |0                |0                |0                            |0                                    |0                |0               |0                |aucune                               |0                  |aucune                               |0                   |0                  |0                 |0                 |list(c(456757.5, 456507.5, 456507.5, 456757.5, 457007.5, 457007.5, 456757.5, 6882439.45349947, 6882583.79106676, 6882872.46620136, 6883016.80376865, 6882872.46620136, 6882583.79106676, 6882439.45349947))|
|122   |122|216506,350946374|4           |15,8603488202855  |3,96508720507139  |0                 |100                 |0                     |0                 |0                   |0                 |0                 |0                 |0                 |0                  |0                |0                |0                            |0                                    |0                |0               |0                |Prairies permanentes                 |15,8603488202855   |Prairies permanentes                 |15,8603488202855    |0                  |100               |0                 |list(c(456757.5, 456507.5, 456507.5, 456757.5, 457007.5, 457007.5, 456757.5, 6883305.47890325, 6883449.81647055, 6883738.49160514, 6883882.82917244, 6883738.49160514, 6883449.81647055, 6883305.47890325))|
|123   |123|216506,350946374|14          |14,20162332829    |1,01440166630643  |17,5246298573456  |5,08358652608304    |0                     |19,7884348939988  |1,43010860757666    |55,7398772993789  |0                 |0                 |0,433362815616964 |0                  |0                |0                |0                            |0                                    |0                |0               |0                |Colza                                |7,91596741770884   |Divers                               |0,0615445547187934  |1,18734606964316   |100               |0                 |list(c(456757.5, 456507.5, 456507.5, 456757.5, 457007.5, 457007.5, 456757.5, 6884171.50430703, 6884315.84187433, 6884604.51700893, 6884748.85457622, 6884604.51700893, 6884315.84187433, 6884171.50430703))|
|124   |124|216506,350946181|9           |15,6657988194031  |1,74064431326701  |0                 |73,5437828219781    |0                     |4,59869318639369  |0,00559253431375158 |0                 |0                 |0                 |21,8516805660077  |0                  |0                |0                |0                            |0,000250891306667486                 |0                |0               |0                |Prairies permanentes                 |11,5212210610698   |Gel (surfaces gelées sans production)|3,93041273579001e-05|0,700524707333905  |100               |0                 |list(c(456757.5, 456507.5, 456507.5, 456757.5, 457007.5, 457007.5, 456757.5, 6885037.52971082, 6885181.86727812, 6885470.54241271, 6885614.87998001, 6885470.54241271, 6885181.86727812, 6885037.52971082))|
|125   |125|216506,350945912|2           |4,46846421362284  |2,23423210681142  |0                 |100                 |0                     |0                 |0                   |0                 |0                 |0                 |0                 |0                  |0                |0                |0                            |0                                    |0                |0               |0                |Prairies permanentes                 |4,46846421362284   |Prairies permanentes                 |4,46846421362284    |0                  |100               |0                 |list(c(456757.5, 456507.5, 456507.5, 456757.5, 457007.5, 457007.5, 456757.5, 6885903.5551146, 6886047.8926819, 6886336.56781649, 6886480.90538379, 6886336.56781649, 6886047.8926819, 6885903.5551146))    |
|126   |126|216506,350946125|15          |19,6007907858754  |1,30671938572503  |15,5619038880099  |25,5866790845822    |21,8257475547566      |0                 |6,75993581235436    |17,5638569608829  |0                 |0                 |6,49177406432685  |0,00357966598271429|0                |6,20652296910446 |0                            |0                                    |0                |0               |0                |Prairies permanentes                 |5,01519143642229   |Fourrage                             |0,000701642840104978|1,80850542798088   |100               |0                 |list(c(457007.5, 456757.5, 456757.5, 457007.5, 457257.5, 457257.5, 457007.5, 6879408.36458622, 6879552.70215352, 6879841.37728811, 6879985.71485541, 6879841.37728811, 6879552.70215352, 6879408.36458622))|
|127   |127|216506,350946125|7           |15,3925157491271  |2,19893082130387  |0                 |42,0145658972072    |25,9407850795707      |0                 |0                   |0                 |0                 |30,7214902440121  |0                 |0                  |0                |1,32315877921002 |0                            |0                                    |0                |0               |0                |Prairies permanentes                 |6,467098672655     |Autres céréales                      |0,20366742347586    |1,13416986148416   |100               |0                 |list(c(457007.5, 456757.5, 456757.5, 457007.5, 457257.5, 457257.5, 457007.5, 6880274.38999, 6880418.7275573, 6880707.4026919, 6880851.74025919, 6880707.4026919, 6880418.7275573, 6880274.38999))          |
|128   |128|216506,350946371|4           |4,97286607149757  |1,24321651787439  |16,6809782456983  |83,3190217543017    |0                     |0                 |0                   |0                 |0                 |0                 |0                 |0                  |0                |0                |0                            |0                                    |0                |0               |0                |Prairies permanentes                 |4,14334336392334   |Blé tendre                           |0,829522707574222   |0,450791471126319  |86,5452546208599  |86,5452546208599  |list(c(457007.5, 456757.5, 456757.5, 457007.5, 457257.5, 457257.5, 457007.5, 6881140.41539379, 6881284.75296109, 6881573.42809568, 6881717.76566298, 6881573.42809568, 6881284.75296109, 6881140.41539379))|
|129   |129|216506,350946371|1           |0,24228034008682  |0,24228034008682  |0                 |100                 |0                     |0                 |0                   |0                 |0                 |0                 |0                 |0                  |0                |0                |0                            |0                                    |0                |0               |0                |Prairies permanentes                 |0,24228034008682   |Prairies permanentes                 |0,24228034008682    |0                  |0                 |100               |list(c(457007.5, 456757.5, 456757.5, 457007.5, 457257.5, 457257.5, 457007.5, 6882006.44079757, 6882150.77836487, 6882439.45349947, 6882583.79106676, 6882439.45349947, 6882150.77836487, 6882006.44079757))|
|130   |130|216506,350945909|4           |4,03867090620627  |1,00966772655157  |0                 |100                 |0                     |0                 |0                   |0                 |0                 |0                 |0                 |0                  |0                |0                |0                            |0                                    |0                |0               |0                |Prairies permanentes                 |4,03867090620627   |Prairies permanentes                 |4,03867090620627    |0                  |100               |0                 |list(c(457007.5, 456757.5, 456757.5, 457007.5, 457257.5, 457257.5, 457007.5, 6882872.46620136, 6883016.80376865, 6883305.47890325, 6883449.81647055, 6883305.47890325, 6883016.80376865, 6882872.46620136))|
|131   |131|216506,350945909|10          |13,0685498218948  |1,30685498218948  |30,4233664661874  |53,4075781408035    |0                     |0                 |0                   |0                 |0                 |0                 |0                 |0                  |13,9748232884409 |0                |0                            |2,19423210456821                     |0                |0               |0                |Prairies permanentes                 |6,97959595799832   |Gel (surfaces gelées sans production)|0,286754315793508   |1,05582483583305   |100               |0                 |list(c(457007.5, 456757.5, 456757.5, 457007.5, 457257.5, 457257.5, 457007.5, 6883738.49160514, 6883882.82917244, 6884171.50430703, 6884315.84187433, 6884171.50430703, 6883882.82917244, 6883738.49160514))|
|132   |132|216506,350945909|6           |9,97577688312415  |1,66262948052069  |39,8678549679517  |53,2142886144269    |0                     |0                 |0                   |3,93655854445172  |0                 |0                 |2,98129787316975  |0                  |0                |0                |0                            |0                                    |0                |0               |0                |Prairies permanentes                 |5,30853870211696   |Divers                               |0,29740762404874    |0,934393130239525  |100               |0                 |list(c(457007.5, 456757.5, 456757.5, 457007.5, 457257.5, 457257.5, 457007.5, 6884604.51700893, 6884748.85457622, 6885037.52971082, 6885181.86727812, 6885037.52971082, 6884748.85457622, 6884604.51700893))|
|133   |133|216506,350946125|0           |0                 |0                 |0                 |0                   |0                     |0                 |0                   |0                 |0                 |0                 |0                 |0                  |0                |0                |0                            |0                                    |0                |0               |0                |aucune                               |0                  |aucune                               |0                   |0                  |0                 |0                 |list(c(457007.5, 456757.5, 456757.5, 457007.5, 457257.5, 457257.5, 457007.5, 6885470.54241271, 6885614.87998001, 6885903.5551146, 6886047.8926819, 6885903.5551146, 6885614.87998001, 6885470.54241271))   |
|134   |134|216506,350946371|1           |1,65828645021995  |1,65828645021995  |0                 |100                 |0                     |0                 |0                   |0                 |0                 |0                 |0                 |0                  |0                |0                |0                            |0                                    |0                |0               |0                |Prairies permanentes                 |1,65828645021995   |Prairies permanentes                 |1,65828645021995    |0                  |100               |0                 |list(c(457007.5, 456757.5, 456757.5, 457007.5, 457257.5, 457257.5, 457007.5, 6886336.56781649, 6886480.90538379, 6886769.58051839, 6886913.91808568, 6886769.58051839, 6886480.90538379, 6886336.56781649))|
|135   |135|216506,350946162|5           |15,2255975976302  |3,04511951952605  |0                 |26,8102287089964    |24,0642608485969      |3,87477653471463  |0                   |45,250733907692   |0                 |0                 |0                 |0                  |0                |0                |0                            |0                                    |0                |0               |0                |Colza                                |6,88969465475961   |Orge                                 |0,589957882983051   |1,18048077246808   |100               |0                 |list(c(457257.5, 457007.5, 457007.5, 457257.5, 457507.5, 457507.5, 457257.5, 6878975.35188433, 6879119.68945162, 6879408.36458622, 6879552.70215352, 6879408.36458622, 6879119.68945162, 6878975.35188433))|
|136   |136|216506,350946162|7           |18,7350956407003  |2,67644223438576  |0                 |86,508178019523     |13,0832154051176      |0                 |0                   |0                 |0                 |0                 |0                 |0                  |0                |0,408606575359386|0                            |0                                    |0                |0               |0                |Prairies permanentes                 |16,2073898889849   |Autres céréales                      |0,0765528326877713  |0,413943110230958  |100               |0                 |list(c(457257.5, 457007.5, 457007.5, 457257.5, 457507.5, 457507.5, 457257.5, 6879841.37728811, 6879985.71485541, 6880274.38999, 6880418.7275573, 6880274.38999, 6879985.71485541, 6879841.37728811))       |
|137   |137|216506,350945923|5           |6,70332340187213  |1,34066468037443  |0                 |68,1977329600986    |0                     |0                 |0                   |0                 |0                 |20,6145813038988  |0                 |0                  |0                |11,1876857360026 |0                            |0                                    |0                |0               |0                |Prairies permanentes                 |4,57151459306055   |Autres céréales                      |0,749946756069374   |0,831622667903504  |100               |0                 |list(c(457257.5, 457007.5, 457007.5, 457257.5, 457507.5, 457507.5, 457257.5, 6880707.4026919, 6880851.74025919, 6881140.41539379, 6881284.75296109, 6881140.41539379, 6880851.74025919, 6880707.4026919))  |
|138   |138|216506,350945923|3           |12,5298180068903  |4,17660600229676  |0                 |40,9406153795603    |0                     |0                 |0                   |59,0593846204397  |0                 |0                 |0                 |0                  |0                |0                |0                            |0                                    |0                |0               |0                |Colza                                |7,40003340893043   |Prairies permanentes                 |5,12978459795984    |0,676641678245841  |59,0593846204397  |59,0593846204397  |list(c(457257.5, 457007.5, 457007.5, 457257.5, 457507.5, 457507.5, 457257.5, 6881573.42809568, 6881717.76566298, 6882006.44079757, 6882150.77836487, 6882006.44079757, 6881717.76566298, 6881573.42809568))|
|139   |139|216506,350945923|1           |0,25991158401125  |0,25991158401125  |0                 |100                 |0                     |0                 |0                   |0                 |0                 |0                 |0                 |0                  |0                |0                |0                            |0                                    |0                |0               |0                |Prairies permanentes                 |0,25991158401125   |Prairies permanentes                 |0,25991158401125    |0                  |100               |0                 |list(c(457257.5, 457007.5, 457007.5, 457257.5, 457507.5, 457507.5, 457257.5, 6882439.45349947, 6882583.79106676, 6882872.46620136, 6883016.80376865, 6882872.46620136, 6882583.79106676, 6882439.45349947))|
|140   |140|216506,350946415|4           |18,629002970461   |4,65725074261526  |0                 |100                 |0                     |0                 |0                   |0                 |0                 |0                 |0                 |0                  |0                |0                |0                            |0                                    |0                |0               |0                |Prairies permanentes                 |18,629002970461    |Prairies permanentes                 |18,629002970461     |0                  |100               |0                 |list(c(457257.5, 457007.5, 457007.5, 457257.5, 457507.5, 457507.5, 457257.5, 6883305.47890325, 6883449.81647055, 6883738.49160514, 6883882.82917244, 6883738.49160514, 6883449.81647055, 6883305.47890325))|
|141   |141|216506,350946415|17          |19,763125532939   |1,16253679605523  |2,80246247672175  |34,9171196973178    |0                     |0                 |0                   |51,1093568624788  |0                 |0                 |2,68232622316313  |0                  |5,04327807335167 |0                |0                            |3,44545666696677                     |0                |0               |0                |Colza                                |10,1008063558095   |Divers                               |0,530111498686671   |1,17437658465732   |100               |0                 |list(c(457257.5, 457007.5, 457007.5, 457257.5, 457507.5, 457507.5, 457257.5, 6884171.50430703, 6884315.84187433, 6884604.51700893, 6884748.85457622, 6884604.51700893, 6884315.84187433, 6884171.50430703))|
|142   |142|216506,350946162|1           |1,55052366859997  |1,55052366859997  |0                 |0                   |0                     |0                 |0                   |0                 |0                 |0                 |100               |0                  |0                |0                |0                            |0                                    |0                |0               |0                |Divers                               |1,55052366859997   |Divers                               |1,55052366859997    |0                  |100               |0                 |list(c(457257.5, 457007.5, 457007.5, 457257.5, 457507.5, 457507.5, 457257.5, 6885037.52971082, 6885181.86727812, 6885470.54241271, 6885614.87998001, 6885470.54241271, 6885181.86727812, 6885037.52971082))|
|143   |143|216506,350945923|0           |0                 |0                 |0                 |0                   |0                     |0                 |0                   |0                 |0                 |0                 |0                 |0                  |0                |0                |0                            |0                                    |0                |0               |0                |aucune                               |0                  |aucune                               |0                   |0                  |0                 |0                 |list(c(457257.5, 457007.5, 457007.5, 457257.5, 457507.5, 457507.5, 457257.5, 6885903.5551146, 6886047.8926819, 6886336.56781649, 6886480.90538379, 6886336.56781649, 6886047.8926819, 6885903.5551146))    |
|144   |144|216506,350945923|6           |5,99896888679758  |0,999828147799597 |0                 |46,9764100617132    |0                     |3,0986219943691   |49,9249679439177    |0                 |0                 |0                 |0                 |0                  |0                |0                |0                            |0                                    |0                |0               |0                |Prairies temporaires                 |2,99498329369929   |Orge                                 |0,185885369361669   |0,80937432900103   |31,7476697222621  |31,7476697222621  |list(c(457257.5, 457007.5, 457007.5, 457257.5, 457507.5, 457507.5, 457257.5, 6886769.58051839, 6886913.91808568, 6887202.59322028, 6887346.93078758, 6887202.59322028, 6886913.91808568, 6886769.58051839))|
|145   |145|216506,350945897|9           |20,2937716281905  |2,25486351424339  |0                 |78,0647131471327    |0                     |21,8466725657942  |0                   |0                 |0                 |0                 |0,0886142870731808|0                  |0                |0                |0                            |0                                    |0                |0               |0                |Prairies permanentes                 |15,8422746082811   |Divers                               |0,0179831810485804  |0,531856066873638  |100               |0                 |list(c(457507.5, 457257.5, 457257.5, 457507.5, 457757.5, 457757.5, 457507.5, 6878542.33918244, 6878686.67674973, 6878975.35188433, 6879119.68945162, 6878975.35188433, 6878686.67674973, 6878542.33918244))|
|146   |146|216506,350946166|8           |19,7868475324019  |2,47335594155024  |0                 |57,3579499725104    |0,678368412037189     |0                 |0                   |41,1019408235366  |0                 |0                 |0,861740791915826 |0                  |0                |0                |0                            |0                                    |0                |0               |0                |Prairies permanentes                 |11,349330108772    |Maïs grain et ensilage               |0,134227723397774   |0,759112064618847  |100               |0                 |list(c(457507.5, 457257.5, 457257.5, 457507.5, 457757.5, 457757.5, 457507.5, 6879408.36458622, 6879552.70215352, 6879841.37728811, 6879985.71485541, 6879841.37728811, 6879552.70215352, 6879408.36458622))|
|147   |147|216506,350946166|6           |8,75104383496801  |1,458507305828    |0                 |48,6161756641756    |8,55892044248336      |0                 |0                   |0                 |0                 |25,4573755997152  |0                 |0                  |0                |17,3675282936258 |0                            |0                                    |0                |0               |0                |Prairies permanentes                 |4,25442284325706   |Maïs grain et ensilage               |0,748994879721757   |1,21335085445387   |100               |0                 |list(c(457507.5, 457257.5, 457257.5, 457507.5, 457757.5, 457757.5, 457507.5, 6880274.38999, 6880418.7275573, 6880707.4026919, 6880851.74025919, 6880707.4026919, 6880418.7275573, 6880274.38999))          |
|148   |148|216506,350946404|3           |8,25860851612484  |2,75286950537495  |0                 |2,20954765801657    |0                     |0                 |0                   |90,9656885725593  |0                 |0                 |0                 |0                  |0                |0                |0                            |6,82476376942416                     |0                |0               |0                |Colza                                |7,51250010320498   |Prairies permanentes                 |0,182477891052794   |0,353588272340047  |100               |0                 |list(c(457507.5, 457257.5, 457257.5, 457507.5, 457757.5, 457757.5, 457507.5, 6881140.41539379, 6881284.75296109, 6881573.42809568, 6881717.76566298, 6881573.42809568, 6881284.75296109, 6881140.41539379))|
|149   |149|216506,350946404|1           |4,23012574055974  |4,23012574055974  |0                 |100                 |0                     |0                 |0                   |0                 |0                 |0                 |0                 |0                  |0                |0                |0                            |0                                    |0                |0               |0                |Prairies permanentes                 |4,23012574055974   |Prairies permanentes                 |4,23012574055974    |0                  |0                 |100               |list(c(457507.5, 457257.5, 457257.5, 457507.5, 457757.5, 457757.5, 457507.5, 6882006.44079757, 6882150.77836487, 6882439.45349947, 6882583.79106676, 6882439.45349947, 6882150.77836487, 6882006.44079757))|
|150   |150|216506,350945897|2           |0,444095110162708 |0,222047555081354 |0                 |100                 |0                     |0                 |0                   |0                 |0                 |0                 |0                 |0                  |0                |0                |0                            |0                                    |0                |0               |0                |Prairies permanentes                 |0,444095110162708  |Prairies permanentes                 |0,444095110162708   |0                  |100               |0                 |list(c(457507.5, 457257.5, 457257.5, 457507.5, 457757.5, 457757.5, 457507.5, 6882872.46620136, 6883016.80376865, 6883305.47890325, 6883449.81647055, 6883305.47890325, 6883016.80376865, 6882872.46620136))|
|151   |151|216506,350945897|9           |18,2796894786338  |2,03107660873709  |0                 |59,9113191561932    |0                     |0                 |0                   |3,85980004935681  |0                 |0                 |0                 |0                  |33,5905115048597 |0                |0                            |2,63836928959024                     |0                |0               |0                |Prairies permanentes                 |10,9516031043054   |Gel (surfaces gelées sans production)|0,482285713436734   |0,894900605490977  |100               |0                 |list(c(457507.5, 457257.5, 457257.5, 457507.5, 457757.5, 457757.5, 457507.5, 6883738.49160514, 6883882.82917244, 6884171.50430703, 6884315.84187433, 6884171.50430703, 6883882.82917244, 6883738.49160514))|
|152   |152|216506,350945897|7           |14,0068131065926  |2,0009733009418   |0                 |100                 |0                     |0                 |0                   |0                 |0                 |0                 |0                 |0                  |0                |0                |0                            |0                                    |0                |0               |0                |Prairies permanentes                 |14,0068131065926   |Prairies permanentes                 |14,0068131065926    |0                  |100               |0                 |list(c(457507.5, 457257.5, 457257.5, 457507.5, 457757.5, 457757.5, 457507.5, 6884604.51700893, 6884748.85457622, 6885037.52971082, 6885181.86727812, 6885037.52971082, 6884748.85457622, 6884604.51700893))|
|153   |153|216506,350946166|0           |0                 |0                 |0                 |0                   |0                     |0                 |0                   |0                 |0                 |0                 |0                 |0                  |0                |0                |0                            |0                                    |0                |0               |0                |aucune                               |0                  |aucune                               |0                   |0                  |0                 |0                 |list(c(457507.5, 457257.5, 457257.5, 457507.5, 457757.5, 457757.5, 457507.5, 6885470.54241271, 6885614.87998001, 6885903.5551146, 6886047.8926819, 6885903.5551146, 6885614.87998001, 6885470.54241271))   |
|154   |154|216506,350946404|4           |9,62453274267716  |2,40613318566929  |0                 |100                 |0                     |0                 |0                   |0                 |0                 |0                 |0                 |0                  |0                |0                |0                            |0                                    |0                |0               |0                |Prairies permanentes                 |9,62453274267716   |Prairies permanentes                 |9,62453274267716    |0                  |6,26343396704584  |6,26343396704584  |list(c(457507.5, 457257.5, 457257.5, 457507.5, 457757.5, 457757.5, 457507.5, 6886336.56781649, 6886480.90538379, 6886769.58051839, 6886913.91808568, 6886769.58051839, 6886480.90538379, 6886336.56781649))|
|155   |155|216506,350946113|3           |15,941465781378   |5,31382192712599  |0                 |95,5521346359635    |4,44786536403648      |0                 |0                   |0                 |0                 |0                 |0                 |0                  |0                |0                |0                            |0                                    |0                |0               |0                |Prairies permanentes                 |15,2324108463683   |Maïs grain et ensilage               |0,709054935009638   |0,181925224154362  |100               |0                 |list(c(457757.5, 457507.5, 457507.5, 457757.5, 458007.5, 458007.5, 457757.5, 6878975.35188433, 6879119.68945162, 6879408.36458622, 6879552.70215352, 6879408.36458622, 6879119.68945162, 6878975.35188433))|
|156   |156|216506,350946113|8           |14,26809904438    |1,78351238054751  |0                 |69,2784948970875    |30,7215051029125      |0                 |0                   |0                 |0                 |0                 |0                 |0                  |0                |0                |0                            |0                                    |0                |0               |0                |Prairies permanentes                 |9,88472426837222   |Maïs grain et ensilage               |4,38337477600782    |0,616854213091534  |100               |0                 |list(c(457757.5, 457507.5, 457507.5, 457757.5, 458007.5, 458007.5, 457757.5, 6879841.37728811, 6879985.71485541, 6880274.38999, 6880418.7275573, 6880274.38999, 6879985.71485541, 6879841.37728811))       |
|157   |157|216506,35094592 |4           |4,99069730736011  |1,24767432684003  |0                 |67,6964476010024    |0                     |0                 |0                   |32,3035523989976  |0                 |0                 |0                 |0                  |0                |0                |0                            |0                                    |0                |0               |0                |Prairies permanentes                 |3,37852478760168   |Colza                                |1,61217251975844    |0,629136412359907  |100               |0                 |list(c(457757.5, 457507.5, 457507.5, 457757.5, 458007.5, 458007.5, 457757.5, 6880707.4026919, 6880851.74025919, 6881140.41539379, 6881284.75296109, 6881140.41539379, 6880851.74025919, 6880707.4026919))  |
|158   |158|216506,35094592 |6           |18,854475005205   |3,1424125008675   |0                 |58,1318626465491    |0                     |0                 |0                   |36,7742575737253  |0                 |0                 |0                 |0                  |0                |0                |0                            |0                                    |0                |5,09387977972562|0                |Prairies permanentes                 |10,9604575127537   |Vergers                              |0,960424289863557   |0,834870788834375  |66,2688446286423  |66,2688446286423  |list(c(457757.5, 457507.5, 457507.5, 457757.5, 458007.5, 458007.5, 457757.5, 6881573.42809568, 6881717.76566298, 6882006.44079757, 6882150.77836487, 6882006.44079757, 6881717.76566298, 6881573.42809568))|
|159   |159|216506,35094592 |6           |5,90659569659117  |0,984432616098528 |13,4502460905098  |86,1955096161917    |0                     |0                 |0                   |0                 |0                 |0                 |0                 |0                  |0                |0                |0                            |0,354244293298445                    |0                |0               |0                |Prairies permanentes                 |5,09122026164481   |Gel (surfaces gelées sans production)|0,0209237781833857  |0,417870206292986  |100               |0                 |list(c(457757.5, 457507.5, 457507.5, 457757.5, 458007.5, 458007.5, 457757.5, 6882439.45349947, 6882583.79106676, 6882872.46620136, 6883016.80376865, 6882872.46620136, 6882583.79106676, 6882439.45349947))|
|160   |160|216506,350946367|7           |12,7074686150446  |1,81535265929208  |0                 |94,8623819843016    |0                     |0                 |0,704007854236258   |0                 |0                 |0                 |0                 |0                  |0                |0                |0                            |4,43361016146212                     |0                |0               |0                |Prairies permanentes                 |12,0546074181388   |Prairies temporaires                 |0,0894615771245211  |0,223074151921488  |100               |0                 |list(c(457757.5, 457507.5, 457507.5, 457757.5, 458007.5, 458007.5, 457757.5, 6883305.47890325, 6883449.81647055, 6883738.49160514, 6883882.82917244, 6883738.49160514, 6883449.81647055, 6883305.47890325))|
|161   |161|216506,350946367|11          |18,3587933193849  |1,66898121085318  |0                 |76,9004709793337    |0                     |0                 |0                   |21,6065392179669  |0                 |0                 |0                 |0                  |0                |0                |0                            |1,49298980269936                     |0                |0               |0                |Prairies permanentes                 |14,1179985287295   |Gel (surfaces gelées sans production)|0,274094912157068   |0,595806301864274  |100               |0                 |list(c(457757.5, 457507.5, 457507.5, 457757.5, 458007.5, 458007.5, 457757.5, 6884171.50430703, 6884315.84187433, 6884604.51700893, 6884748.85457622, 6884604.51700893, 6884315.84187433, 6884171.50430703))|
|162   |162|216506,350946113|1           |0,570368171068281 |0,570368171068281 |0                 |100                 |0                     |0                 |0                   |0                 |0                 |0                 |0                 |0                  |0                |0                |0                            |0                                    |0                |0               |0                |Prairies permanentes                 |0,570368171068281  |Prairies permanentes                 |0,570368171068281   |0                  |100               |0                 |list(c(457757.5, 457507.5, 457507.5, 457757.5, 458007.5, 458007.5, 457757.5, 6885037.52971082, 6885181.86727812, 6885470.54241271, 6885614.87998001, 6885470.54241271, 6885181.86727812, 6885037.52971082))|
|163   |163|216506,35094592 |1           |1,58792169595705  |1,58792169595705  |0                 |100                 |0                     |0                 |0                   |0                 |0                 |0                 |0                 |0                  |0                |0                |0                            |0                                    |0                |0               |0                |Prairies permanentes                 |1,58792169595705   |Prairies permanentes                 |1,58792169595705    |0                  |0                 |100               |list(c(457757.5, 457507.5, 457507.5, 457757.5, 458007.5, 458007.5, 457757.5, 6885903.5551146, 6886047.8926819, 6886336.56781649, 6886480.90538379, 6886336.56781649, 6886047.8926819, 6885903.5551146))    |
|164   |164|216506,35094592 |11          |13,5377707123994  |1,23070642839994  |0                 |38,5204371075139    |0                     |51,5685015096449  |0                   |0                 |0                 |0                 |0,265454802320596 |0                  |9,64560658052057 |0                |0                            |0                                    |0                |0               |0                |Orge                                 |6,98122549419594   |Divers                               |0,0359366624832153  |0,950318942114964  |92,1899919421849  |92,1899919421849  |list(c(457757.5, 457507.5, 457507.5, 457757.5, 458007.5, 458007.5, 457757.5, 6886769.58051839, 6886913.91808568, 6887202.59322028, 6887346.93078758, 6887202.59322028, 6886913.91808568, 6886769.58051839))|
|165   |165|216506,350945912|6           |6,34910638968074  |1,05818439828012  |0                 |100                 |0                     |0                 |0                   |0                 |0                 |0                 |0                 |0                  |0                |0                |0                            |0                                    |0                |0               |0                |Prairies permanentes                 |6,34910638968074   |Prairies permanentes                 |6,34910638968074    |0                  |100               |0                 |list(c(458007.5, 457757.5, 457757.5, 458007.5, 458257.5, 458257.5, 458007.5, 6878542.33918244, 6878686.67674973, 6878975.35188433, 6879119.68945162, 6878975.35188433, 6878686.67674973, 6878542.33918244))|
|166   |166|216506,350946147|8           |14,9446611442157  |1,86808264302696  |0                 |44,7836279465144    |55,2163720534856      |0                 |0                   |0                 |0                 |0                 |0                 |0                  |0                |0                |0                            |0                                    |0                |0               |0                |Maïs grain et ensilage               |8,25189969952284   |Prairies permanentes                 |6,69276144469287    |0,687695157669243  |100               |0                 |list(c(458007.5, 457757.5, 457757.5, 458007.5, 458257.5, 458257.5, 458007.5, 6879408.36458622, 6879552.70215352, 6879841.37728811, 6879985.71485541, 6879841.37728811, 6879552.70215352, 6879408.36458622))|
|167   |167|216506,350946147|2           |3,53279864569815  |1,76639932284907  |0                 |100                 |0                     |0                 |0                   |0                 |0                 |0                 |0                 |0                  |0                |0                |0                            |0                                    |0                |0               |0                |Prairies permanentes                 |3,53279864569815   |Prairies permanentes                 |3,53279864569815    |0                  |100               |0                 |list(c(458007.5, 457757.5, 457757.5, 458007.5, 458257.5, 458257.5, 458007.5, 6880274.38999, 6880418.7275573, 6880707.4026919, 6880851.74025919, 6880707.4026919, 6880418.7275573, 6880274.38999))          |
|168   |168|216506,350946374|9           |19,2431952983381  |2,13813281092646  |0                 |8,69350415199028    |14,8446527015345      |0                 |0                   |76,3074125226182  |0                 |0                 |0                 |0                  |0                |0                |0                            |0,154430623857006                    |0                |0               |0                |Colza                                |14,683984418836    |Gel (surfaces gelées sans production)|0,0297173865492456  |0,711845187263442  |46,0987931600913  |46,0987931600913  |list(c(458007.5, 457757.5, 457757.5, 458007.5, 458257.5, 458257.5, 458007.5, 6881140.41539379, 6881284.75296109, 6881573.42809568, 6881717.76566298, 6881573.42809568, 6881284.75296109, 6881140.41539379))|
|169   |169|216506,350946374|9           |7,57399120371607  |0,841554578190674 |6,2708354465912   |86,4343735651839    |0                     |0                 |0                   |0                 |0                 |0                 |0                 |0                  |0                |0                |0                            |0                                    |0                |7,29479098822487|0                |Prairies permanentes                 |6,54653185081412   |Blé tendre                           |0,474952525124326   |0,490642240366354  |77,0938437158506  |77,0938437158506  |list(c(458007.5, 457757.5, 457757.5, 458007.5, 458257.5, 458257.5, 458007.5, 6882006.44079757, 6882150.77836487, 6882439.45349947, 6882583.79106676, 6882439.45349947, 6882150.77836487, 6882006.44079757))|
|170   |170|216506,350945912|8           |9,69571632312228  |1,21196454039028  |23,8331758645477  |50,3308542405646    |0                     |0                 |12,4875498722446    |10,5871266357913  |0                 |0                 |1,96048727515202  |0                  |0                |0                |0                            |0,800806111699778                    |0                |0               |0                |Prairies permanentes                 |4,8799368501693    |Gel (surfaces gelées sans production)|0,0776438888886361  |1,30061328162397   |100               |0                 |list(c(458007.5, 457757.5, 457757.5, 458007.5, 458257.5, 458257.5, 458007.5, 6882872.46620136, 6883016.80376865, 6883305.47890325, 6883449.81647055, 6883305.47890325, 6883016.80376865, 6882872.46620136))|
|171   |171|216506,350945912|8           |15,2676447745923  |1,90845559682404  |15,1451269717456  |74,566503645439     |0                     |0                 |2,53836875371554    |0                 |0                 |0                 |0                 |0                  |0                |0                |0                            |7,75000062909993                     |0                |0               |0                |Prairies permanentes                 |11,384548897419    |Prairies temporaires                 |0,387549124386534   |0,796155087526773  |100               |0                 |list(c(458007.5, 457757.5, 457757.5, 458007.5, 458257.5, 458257.5, 458007.5, 6883738.49160514, 6883882.82917244, 6884171.50430703, 6884315.84187433, 6884171.50430703, 6883882.82917244, 6883738.49160514))|
|172   |172|216506,350945912|4           |11,2603272576615  |2,81508181441537  |0                 |100                 |0                     |0                 |0                   |0                 |0                 |0                 |0                 |0                  |0                |0                |0                            |0                                    |0                |0               |0                |Prairies permanentes                 |11,2603272576615   |Prairies permanentes                 |11,2603272576615    |0                  |100               |0                 |list(c(458007.5, 457757.5, 457757.5, 458007.5, 458257.5, 458257.5, 458007.5, 6884604.51700893, 6884748.85457622, 6885037.52971082, 6885181.86727812, 6885037.52971082, 6884748.85457622, 6884604.51700893))|
|173   |173|216506,350946147|3           |8,33860869686068  |2,77953623228689  |81,8430194268906  |18,1569805731094    |0                     |0                 |0                   |0                 |0                 |0                 |0                 |0                  |0                |0                |0                            |0                                    |0                |0               |0                |Blé tendre                           |6,82456913570408   |Prairies permanentes                 |1,5140395611566     |0,473765528776627  |100               |0                 |list(c(458007.5, 457757.5, 457757.5, 458007.5, 458257.5, 458257.5, 458007.5, 6885470.54241271, 6885614.87998001, 6885903.5551146, 6886047.8926819, 6885903.5551146, 6885614.87998001, 6885470.54241271))   |
|174   |174|216506,350946374|6           |5,13432322516472  |0,855720537527453 |0                 |86,0690517024308    |0                     |0                 |0                   |0                 |0                 |0                 |0                 |0                  |13,9309482975692 |0                |0                            |0                                    |0                |0               |0                |Prairies permanentes                 |4,41906331123693   |Tournesol                            |0,715259913927782   |0,403708013581839  |13,9309482975692  |13,9309482975692  |list(c(458007.5, 457757.5, 457757.5, 458007.5, 458257.5, 458257.5, 458007.5, 6886336.56781649, 6886480.90538379, 6886769.58051839, 6886913.91808568, 6886769.58051839, 6886480.90538379, 6886336.56781649))|
|175   |175|216506,350946154|2           |3,16834804519003  |1,58417402259502  |0                 |41,4525463290313    |58,5474536709687      |0                 |0                   |0                 |0                 |0                 |0                 |0                  |0                |0                |0                            |0                                    |0                |0               |0                |Maïs grain et ensilage               |1,85498710389268   |Prairies permanentes                 |1,31336094129735    |0,678463374363767  |100               |0                 |list(c(458257.5, 458007.5, 458007.5, 458257.5, 458507.5, 458507.5, 458257.5, 6878975.35188433, 6879119.68945162, 6879408.36458622, 6879552.70215352, 6879408.36458622, 6879119.68945162, 6878975.35188433))|
|176   |176|216506,350946154|5           |4,85353020666944  |0,970706041333888 |0                 |80,6164855718963    |19,3835144281037      |0                 |0                   |0                 |0                 |0                 |0                 |0                  |0                |0                |0                            |0                                    |0                |0               |0                |Prairies permanentes                 |3,9127454787873    |Maïs grain et ensilage               |0,94078472788214    |0,491736421007984  |100               |0                 |list(c(458257.5, 458007.5, 458007.5, 458257.5, 458507.5, 458507.5, 458257.5, 6879841.37728811, 6879985.71485541, 6880274.38999, 6880418.7275573, 6880274.38999, 6879985.71485541, 6879841.37728811))       |
|177   |177|216506,350945901|10          |15,8598967074776  |1,58598967074776  |0,0559410467234158|32,7935422020506    |59,6790864945078      |0                 |0                   |7,4714302567182   |0                 |0                 |0                 |0                  |0                |0                |0                            |0                                    |0                |0               |0                |Maïs grain et ensilage               |9,46504147399513   |Blé tendre                           |0,00887219222741551 |0,871688828928603  |100               |0                 |list(c(458257.5, 458007.5, 458007.5, 458257.5, 458507.5, 458507.5, 458257.5, 6880707.4026919, 6880851.74025919, 6881140.41539379, 6881284.75296109, 6881140.41539379, 6880851.74025919, 6880707.4026919))  |
|178   |178|216506,350945901|8           |18,0599617389599  |2,25749521736999  |0                 |19,1273848411402    |0                     |0                 |0                   |67,7800791442259  |0                 |0                 |0                 |0                  |0                |0                |0                            |0                                    |0                |13,0925360146339|0                |Colza                                |12,2410563600839   |Vergers                              |2,36450699490242    |0,846162324112404  |25,8644297239105  |25,8644297239105  |list(c(458257.5, 458007.5, 458007.5, 458257.5, 458507.5, 458507.5, 458257.5, 6881573.42809568, 6881717.76566298, 6882006.44079757, 6882150.77836487, 6882006.44079757, 6881717.76566298, 6881573.42809568))|
|179   |179|216506,350945901|9           |11,3072937009302  |1,25636596677002  |5,24667926814877  |49,5877488176288    |0                     |0                 |0                   |44,5704503758275  |0                 |0                 |0                 |0                  |0                |0                |0                            |0,595121538394918                    |0                |0               |0                |Prairies permanentes                 |5,60703239848884   |Gel (surfaces gelées sans production)|0,0672921402238077  |0,893139734632529  |100               |0                 |list(c(458257.5, 458007.5, 458007.5, 458257.5, 458507.5, 458507.5, 458257.5, 6882439.45349947, 6882583.79106676, 6882872.46620136, 6883016.80376865, 6882872.46620136, 6882583.79106676, 6882439.45349947))|
|180   |180|216506,350946393|6           |12,6092430487895  |2,10154050813158  |0                 |80,7998471704472    |0                     |0                 |19,2001528295528    |0                 |0                 |0                 |0                 |0                  |0                |0                |0                            |0                                    |0                |0               |0                |Prairies permanentes                 |10,1882491127721   |Prairies temporaires                 |2,42099393601734    |0,489112220522821  |100               |0                 |list(c(458257.5, 458007.5, 458007.5, 458257.5, 458507.5, 458507.5, 458257.5, 6883305.47890325, 6883449.81647055, 6883738.49160514, 6883882.82917244, 6883738.49160514, 6883449.81647055, 6883305.47890325))|
|181   |181|216506,350946393|5           |19,7105967997701  |3,94211935995403  |5,68996513506988  |94,3100348649301    |0                     |0                 |0                   |0                 |0                 |0                 |0                 |0                  |0                |0                |0                            |0                                    |0                |0               |0                |Prairies permanentes                 |18,589070713949    |Blé tendre                           |1,12152608582112    |0,218350178652577  |100               |0                 |list(c(458257.5, 458007.5, 458007.5, 458257.5, 458507.5, 458507.5, 458257.5, 6884171.50430703, 6884315.84187433, 6884604.51700893, 6884748.85457622, 6884604.51700893, 6884315.84187433, 6884171.50430703))|
|182   |182|216506,350946154|10          |12,3636451986108  |1,23636451986108  |0                 |77,1109718986169    |22,8890281013831      |0                 |0                   |0                 |0                 |0                 |0                 |0                  |0                |0                |0                            |0                                    |0                |0               |0                |Prairies permanentes                 |9,53372697474549   |Maïs grain et ensilage               |2,82991822386533    |0,537931974896388  |100               |0                 |list(c(458257.5, 458007.5, 458007.5, 458257.5, 458507.5, 458507.5, 458257.5, 6885037.52971082, 6885181.86727812, 6885470.54241271, 6885614.87998001, 6885470.54241271, 6885181.86727812, 6885037.52971082))|
|183   |183|216506,350945901|3           |4,1226659248659   |1,3742219749553   |0                 |100                 |0                     |0                 |0                   |0                 |0                 |0                 |0                 |0                  |0                |0                |0                            |0                                    |0                |0               |0                |Prairies permanentes                 |4,1226659248659    |Prairies permanentes                 |4,1226659248659     |0                  |11,008839151091   |11,008839151091   |list(c(458257.5, 458007.5, 458007.5, 458257.5, 458507.5, 458507.5, 458257.5, 6885903.5551146, 6886047.8926819, 6886336.56781649, 6886480.90538379, 6886336.56781649, 6886047.8926819, 6885903.5551146))    |
|184   |184|216506,350945901|7           |12,2286957244499  |1,74695653206427  |0                 |12,012730084009     |0                     |0                 |16,9340701253458    |0                 |0                 |0                 |0                 |38,6065723591886   |30,3340381325289 |0                |0                            |2,11258929892769                     |0                |0               |0                |Fourrage                             |4,72108026344474   |Gel (surfaces gelées sans production)|0,258342117273156   |1,3660763814987    |32,4466274314566  |32,4466274314566  |list(c(458257.5, 458007.5, 458007.5, 458257.5, 458507.5, 458507.5, 458257.5, 6886769.58051839, 6886913.91808568, 6887202.59322028, 6887346.93078758, 6887202.59322028, 6886913.91808568, 6886769.58051839))|
|185   |185|216506,350945916|4           |6,08940941483048  |1,52235235370762  |0                 |22,1550479293501    |77,8449520706499      |0                 |0                   |0                 |0                 |0                 |0                 |0                  |0                |0                |0                            |0                                    |0                |0               |0                |Maïs grain et ensilage               |4,74029784036043   |Prairies permanentes                 |1,34911157447005    |0,528863358082415  |100               |0                 |list(c(458507.5, 458257.5, 458257.5, 458507.5, 458757.5, 458757.5, 458507.5, 6878542.33918244, 6878686.67674973, 6878975.35188433, 6879119.68945162, 6878975.35188433, 6878686.67674973, 6878542.33918244))|
|186   |186|216506,350946128|7           |11,1783732167676  |1,59691045953823  |0,0201986135723499|99,9798013864277    |0                     |0                 |0                   |0                 |0                 |0                 |0                 |0                  |0                |0                |0                            |0                                    |0                |0               |0                |Prairies permanentes                 |11,1761153403579   |Blé tendre                           |0,00225787640972994 |0,00192032471001748|100               |0                 |list(c(458507.5, 458257.5, 458257.5, 458507.5, 458757.5, 458757.5, 458507.5, 6879408.36458622, 6879552.70215352, 6879841.37728811, 6879985.71485541, 6879841.37728811, 6879552.70215352, 6879408.36458622))|
|187   |187|216506,350946128|6           |14,1003726770249  |2,35006211283749  |0                 |56,3083674667964    |43,6916325332036      |0                 |0                   |0                 |0                 |0                 |0                 |0                  |0                |0                |0                            |0                                    |0                |0               |0                |Prairies permanentes                 |7,93968966116694   |Maïs grain et ensilage               |6,16068301585797    |0,685166829175054  |100               |0                 |list(c(458507.5, 458257.5, 458257.5, 458507.5, 458757.5, 458757.5, 458507.5, 6880274.38999, 6880418.7275573, 6880707.4026919, 6880851.74025919, 6880707.4026919, 6880418.7275573, 6880274.38999))          |
|188   |188|216506,350946363|11          |19,3937990996161  |1,76307264541964  |15,0857533349193  |10,9531113061955    |5,02368090377573      |11,0571116052978  |0                   |57,8803428498117  |0                 |0                 |0                 |0                  |0                |0                |0                            |0                                    |0                |0               |0                |Colza                                |11,2251974104615   |Maïs grain et ensilage               |0,974282581884041   |1,23780023453356   |86,4155651263223  |86,4155651263223  |list(c(458507.5, 458257.5, 458257.5, 458507.5, 458757.5, 458757.5, 458507.5, 6881140.41539379, 6881284.75296109, 6881573.42809568, 6881717.76566298, 6881573.42809568, 6881284.75296109, 6881140.41539379))|
|189   |189|216506,350946363|7           |9,04049457546692  |1,2914992250667   |51,8294910793405  |30,8599865311538    |3,86290550854605      |0                 |0                   |2,29722794429409  |0                 |11,1503889366655  |0                 |0                  |0                |0                |0                            |0                                    |0                |0               |0                |Blé tendre                           |4,68564232951989   |Colza                                |0,207680767690018   |1,16043299246199   |100               |0                 |list(c(458507.5, 458257.5, 458257.5, 458507.5, 458757.5, 458757.5, 458507.5, 6882006.44079757, 6882150.77836487, 6882439.45349947, 6882583.79106676, 6882439.45349947, 6882150.77836487, 6882006.44079757))|
|190   |190|216506,350945916|9           |7,61924717618834  |0,846583019576482 |1,50172971594977  |47,9083338120172    |0                     |0,179376540995032 |1,7164170435679     |46,1659123278066  |0                 |0                 |0                 |0                  |2,52823055966353 |0                |0                            |0                                    |0                |0               |0                |Prairies permanentes                 |3,650254371131     |Orge                                 |0,0136671420345083  |0,946522009542245  |100               |0                 |list(c(458507.5, 458257.5, 458257.5, 458507.5, 458757.5, 458757.5, 458507.5, 6882872.46620136, 6883016.80376865, 6883305.47890325, 6883449.81647055, 6883305.47890325, 6883016.80376865, 6882872.46620136))|
|191   |191|216506,350945916|9           |19,4259664906795  |2,15844072118661  |43,01141171289    |54,1061631064524    |0                     |0                 |0                   |2,88242518065764  |0                 |0                 |0                 |0                  |0                |0                |0                            |0                                    |0                |0               |0                |Prairies permanentes                 |10,5106451144518   |Colza                                |0,55993894971346    |0,797447622319165  |100               |0                 |list(c(458507.5, 458257.5, 458257.5, 458507.5, 458757.5, 458757.5, 458507.5, 6883738.49160514, 6883882.82917244, 6884171.50430703, 6884315.84187433, 6884171.50430703, 6883882.82917244, 6883738.49160514))|
|192   |192|216506,350945916|8           |15,4005162265924  |1,92506452832405  |0                 |38,1418052409389    |12,8795116452638      |48,2652410420401  |0                   |0                 |0                 |0                 |0,713442071757117 |0                  |0                |0                |0                            |0                                    |0                |0               |0                |Orge                                 |7,43309627848333   |Divers                               |0,109873762028292   |1,01845953528339   |100               |0                 |list(c(458507.5, 458257.5, 458257.5, 458507.5, 458757.5, 458757.5, 458507.5, 6884604.51700893, 6884748.85457622, 6885037.52971082, 6885181.86727812, 6885037.52971082, 6884748.85457622, 6884604.51700893))|
|193   |193|216506,350946128|9           |8,23872334249372  |0,915413704721524 |2,93241725365953  |97,0675827463405    |0                     |0                 |0                   |0                 |0                 |0                 |0                 |0                  |0                |0                |0                            |0                                    |0                |0               |0                |Prairies permanentes                 |7,99712959771715   |Blé tendre                           |0,241593744776561   |0,13238501964504   |100               |0                 |list(c(458507.5, 458257.5, 458257.5, 458507.5, 458757.5, 458757.5, 458507.5, 6885470.54241271, 6885614.87998001, 6885903.5551146, 6886047.8926819, 6885903.5551146, 6885614.87998001, 6885470.54241271))   |
|194   |194|216506,350946363|4           |6,16887256158916  |1,54221814039729  |0                 |100                 |0                     |0                 |0                   |0                 |0                 |0                 |0                 |0                  |0                |0                |0                            |0                                    |0                |0               |0                |Prairies permanentes                 |6,16887256158916   |Prairies permanentes                 |6,16887256158916    |0                  |0                 |100               |list(c(458507.5, 458257.5, 458257.5, 458507.5, 458757.5, 458757.5, 458507.5, 6886336.56781649, 6886480.90538379, 6886769.58051839, 6886913.91808568, 6886769.58051839, 6886480.90538379, 6886336.56781649))|
|195   |195|216506,350946136|10          |11,9645274424506  |1,19645274424506  |33,381037932261   |64,1613026657605    |0                     |0                 |0                   |0,538482652815538 |0                 |0                 |1,91917674916293  |0                  |0                |0                |0                            |0                                    |0                |0               |0                |Prairies permanentes                 |7,67659666487868   |Colza                                |0,0644269047689508  |0,754980921747847  |100               |0                 |list(c(458757.5, 458507.5, 458507.5, 458757.5, 459007.5, 459007.5, 458757.5, 6878975.35188433, 6879119.68945162, 6879408.36458622, 6879552.70215352, 6879408.36458622, 6879119.68945162, 6878975.35188433))|
|196   |196|216506,350946136|8           |16,6090402265356  |2,07613002831695  |53,8814131499244  |18,9242175394248    |20,1578806667669      |0                 |0                   |7,03648864388393  |0                 |0                 |0                 |0                  |0                |0                |0                            |0                                    |0                |0               |0                |Blé tendre                           |8,9491855846968    |Colza                                |1,16869322939829    |1,15782730918034   |100               |0                 |list(c(458757.5, 458507.5, 458507.5, 458757.5, 459007.5, 459007.5, 458757.5, 6879841.37728811, 6879985.71485541, 6880274.38999, 6880418.7275573, 6880274.38999, 6879985.71485541, 6879841.37728811))       |
|197   |197|216506,350945927|10          |17,3989570280668  |1,73989570280668  |33,4335538031595  |18,8933800613452    |13,2497345604492      |0,0966509427240944|0                   |34,326680632322   |0                 |0                 |0                 |0                  |0                |0                |0                            |0                                    |0                |0               |0                |Colza                                |5,97248441237942   |Orge                                 |0,0168162559917866  |1,32268197571225   |100               |0                 |list(c(458757.5, 458507.5, 458507.5, 458757.5, 459007.5, 459007.5, 458757.5, 6880707.4026919, 6880851.74025919, 6881140.41539379, 6881284.75296109, 6881140.41539379, 6880851.74025919, 6880707.4026919))  |
|198   |198|216506,350945927|7           |21,2831134837713  |3,0404447833959   |31,301090874852   |6,38515635317481    |8,10172722814688      |7,70851559525772  |0                   |46,5035099485686  |0                 |0                 |0                 |0                  |0                |0                |0                            |0                                    |0                |0               |0                |Colza                                |9,89739479629072   |Prairies permanentes                 |1,35896007276243    |1,29644740832895   |100               |0                 |list(c(458757.5, 458507.5, 458507.5, 458757.5, 459007.5, 459007.5, 458757.5, 6881573.42809568, 6881717.76566298, 6882006.44079757, 6882150.77836487, 6882006.44079757, 6881717.76566298, 6881573.42809568))|
|199   |199|216506,350946374|8           |6,43238219745787  |0,804047774682233 |0,273547634440108 |99,7264523655599    |0                     |0                 |0                   |0                 |0                 |0                 |0                 |0                  |0                |0                |0                            |0                                    |0                |0               |0                |Prairies permanentes                 |6,41478656811857   |Blé tendre                           |0,0175956293392926  |0,0188750075432898 |100               |0                 |list(c(458757.5, 458507.5, 458507.5, 458757.5, 459007.5, 459007.5, 458757.5, 6883305.47890325, 6883449.81647055, 6883738.49160514, 6883882.82917244, 6883738.49160514, 6883449.81647055, 6883305.47890325))|
|200   |200|216506,350946374|17          |20,6329609111517  |1,21370358300893  |54,4757196714176  |12,6610952972302    |0                     |29,2088461135641  |0                   |2,75230259929727  |0                 |0                 |0,710710102444977 |0                  |0                |0,191326216045854|0                            |0                                    |0                |0               |0                |Blé tendre                           |11,2399539458722   |Autres céréales                      |0,0394762633695267  |1,09803966932626   |100               |0                 |list(c(458757.5, 458507.5, 458507.5, 458757.5, 459007.5, 459007.5, 458757.5, 6884171.50430703, 6884315.84187433, 6884604.51700893, 6884748.85457622, 6884604.51700893, 6884315.84187433, 6884171.50430703))|
|201   |201|216506,350946136|10          |8,3839654318007   |0,83839654318007  |12,1623812749115  |78,4425600012155    |8,43716423799152      |0                 |0                   |0                 |0                 |0                 |0                 |0                  |0                |0                |0                            |0,95789448588144                     |0                |0               |0                |Prairies permanentes                 |6,57659711432143   |Gel (surfaces gelées sans production)|0,080309542569425   |0,699836743961803  |100               |0                 |list(c(458757.5, 458507.5, 458507.5, 458757.5, 459007.5, 459007.5, 458757.5, 6885037.52971082, 6885181.86727812, 6885470.54241271, 6885614.87998001, 6885470.54241271, 6885181.86727812, 6885037.52971082))|
|202   |202|216506,350945927|8           |14,3854928339954  |1,79818660424942  |0                 |100                 |0                     |0                 |0                   |0                 |0                 |0                 |0                 |0                  |0                |0                |0                            |0                                    |0                |0               |0                |Prairies permanentes                 |14,3854928339954   |Prairies permanentes                 |14,3854928339954    |0                  |26,6216705169888  |26,6216705169888  |list(c(458757.5, 458507.5, 458507.5, 458757.5, 459007.5, 459007.5, 458757.5, 6885903.5551146, 6886047.8926819, 6886336.56781649, 6886480.90538379, 6886336.56781649, 6886047.8926819, 6885903.5551146))    |
|203   |203|216506,350945927|10          |11,9581013405654  |1,19581013405654  |1,78621661461841  |27,3297350137048    |0                     |0                 |1,43073456726662    |53,4606593184518  |0                 |0                 |0                 |1,93413958949508   |0                |0                |0                            |14,0585148964633                     |0                |0               |0                |Colza                                |6,39287981863488   |Prairies temporaires                 |0,171088689468242   |1,17409452161021   |64,8819343674559  |64,8819343674559  |list(c(458757.5, 458507.5, 458507.5, 458757.5, 459007.5, 459007.5, 458757.5, 6886769.58051839, 6886913.91808568, 6887202.59322028, 6887346.93078758, 6887202.59322028, 6886913.91808568, 6886769.58051839))|
|204   |204|216506,350945901|11          |12,1280502105202  |1,1025500191382   |21,6509627928843  |47,2018950155052    |4,59327090326369      |0                 |0                   |25,5481717005227  |0                 |0                 |0,790376130010059 |0                  |0                |0                |0                            |0,215323457813972                    |0                |0               |0                |Prairies permanentes                 |5,72466952779751   |Gel (surfaces gelées sans production)|0,0261145370787068  |1,22725826775086   |100               |0                 |list(c(459007.5, 458757.5, 458757.5, 459007.5, 459257.5, 459257.5, 459007.5, 6878542.33918244, 6878686.67674973, 6878975.35188433, 6879119.68945162, 6878975.35188433, 6878686.67674973, 6878542.33918244))|
|205   |205|216506,35094614 |15          |19,2879614956417  |1,28586409970945  |9,70580980245912  |60,6907008643252    |0                     |0                 |12,1174833962593    |17,1437631785287  |0                 |0                 |0,106947277127893 |0                  |0                |0                |0                            |0,23529548129976                     |0                |0               |0                |Prairies permanentes                 |11,7059990141461   |Divers                               |0,0206279496330651  |1,10909427534188   |100               |0                 |list(c(459007.5, 458757.5, 458757.5, 459007.5, 459257.5, 459257.5, 459007.5, 6879408.36458622, 6879552.70215352, 6879841.37728811, 6879985.71485541, 6879841.37728811, 6879552.70215352, 6879408.36458622))|
|206   |206|216506,35094614 |7           |19,2886232742211  |2,75551761060301  |57,347558819156   |2,49146056429862    |14,1426897503458      |0                 |0                   |26,0182908661995  |0                 |0                 |0                 |0                  |0                |0                |0                            |0                                    |0                |0               |0                |Blé tendre                           |11,0615545775894   |Prairies permanentes                 |0,480568442273344   |1,03779720333299   |100               |0                 |list(c(459007.5, 458757.5, 458757.5, 459007.5, 459257.5, 459257.5, 459007.5, 6880274.38999, 6880418.7275573, 6880707.4026919, 6880851.74025919, 6880707.4026919, 6880418.7275573, 6880274.38999))          |
|207   |207|216506,350946378|8           |21,3387192692391  |2,66733990865488  |42,7821286998368  |0                   |9,00380816349651      |12,2678306035688  |0                   |22,3708696590515  |13,5753628740463  |0                 |0                 |0                  |0                |0                |0                            |0                                    |0                |0               |0                |Blé tendre                           |9,12915834066274   |Maïs grain et ensilage               |1,92129734754935    |1,44348464851432   |100               |0                 |list(c(459007.5, 458757.5, 458757.5, 459007.5, 459257.5, 459257.5, 459007.5, 6881140.41539379, 6881284.75296109, 6881573.42809568, 6881717.76566298, 6881573.42809568, 6881284.75296109, 6881140.41539379))|
|208   |208|216506,350945901|9           |20,0984166372697  |2,23315740414108  |37,3988657576113  |3,68067570591557    |0                     |42,3231227109055  |0                   |0                 |0                 |0                 |0                 |0                  |0                |16,5973358255677 |0                            |0                                    |0                |0               |0                |Orge                                 |8,50627753634071   |Prairies permanentes                 |0,739757538441679   |1,15135352806909   |100               |0                 |list(c(459007.5, 458757.5, 458757.5, 459007.5, 459257.5, 459257.5, 459007.5, 6884604.51700893, 6884748.85457622, 6885037.52971082, 6885181.86727812, 6885037.52971082, 6884748.85457622, 6884604.51700893))|
|209   |209|216506,35094614 |7           |6,95344171020062  |0,993348815742946 |0                 |92,1080574811874    |0                     |0                 |0                   |0                 |0                 |6,26666210168995  |0                 |0                  |0                |0                |0                            |1,62528041712269                     |0                |0               |0                |Prairies permanentes                 |6,40468008735245   |Gel (surfaces gelées sans production)|0,113012926431932   |0,316255156252152  |100               |0                 |list(c(459007.5, 458757.5, 458757.5, 459007.5, 459257.5, 459257.5, 459007.5, 6885470.54241271, 6885614.87998001, 6885903.5551146, 6886047.8926819, 6885903.5551146, 6885614.87998001, 6885470.54241271))   |
|210   |210|216506,350946378|3           |3,09108675325962  |1,03036225108654  |39,4439850732737  |60,5560149267263    |0                     |0                 |0                   |0                 |0                 |0                 |0                 |0                  |0                |0                |0                            |0                                    |0                |0               |0                |Prairies permanentes                 |1,87183895570196   |Blé tendre                           |1,21924779755766    |0,670692712597081  |0                 |100               |list(c(459007.5, 458757.5, 458757.5, 459007.5, 459257.5, 459257.5, 459007.5, 6886336.56781649, 6886480.90538379, 6886769.58051839, 6886913.91808568, 6886769.58051839, 6886480.90538379, 6886336.56781649))|
|211   |211|216506,350946385|10          |13,9156708625255  |1,39156708625255  |15,8757848586574  |70,6910202414554    |0                     |0                 |0                   |0                 |0                 |0                 |13,4331948998872  |0                  |0                |0                |0                            |0                                    |0                |0               |0                |Prairies permanentes                 |9,8371297061622    |Divers                               |1,86931918858986    |0,807030469848714  |100               |0                 |list(c(459257.5, 459007.5, 459007.5, 459257.5, 459507.5, 459507.5, 459257.5, 6878109.32648054, 6878253.66404784, 6878542.33918244, 6878686.67674973, 6878542.33918244, 6878253.66404784, 6878109.32648054))|
|212   |212|216506,350946147|7           |11,3270103341216  |1,61814433344594  |2,81159524538435  |74,4280843496835    |0                     |0                 |0                   |22,4680681258129  |0                 |0                 |0,292252279119342 |0                  |0                |0                |0                            |0                                    |0                |0               |0                |Prairies permanentes                 |8,43047680577739   |Divers                               |0,0331034458575537  |0,67274632055343   |100               |0                 |list(c(459257.5, 459007.5, 459007.5, 459257.5, 459507.5, 459507.5, 459257.5, 6878975.35188433, 6879119.68945162, 6879408.36458622, 6879552.70215352, 6879408.36458622, 6879119.68945162, 6878975.35188433))|
|213   |213|216506,350946147|4           |19,8530909205767  |4,96327273014417  |31,4581245072719  |39,4030889930862    |29,1387864996419      |0                 |0                   |0                 |0                 |0                 |0                 |0                  |0                |0                |0                            |0                                    |0                |0               |0                |Prairies permanentes                 |7,82273108331314   |Maïs grain et ensilage               |5,78494977692664    |1,09009885625514   |100               |0                 |list(c(459257.5, 459007.5, 459007.5, 459257.5, 459507.5, 459507.5, 459257.5, 6879841.37728811, 6879985.71485541, 6880274.38999, 6880418.7275573, 6880274.38999, 6879985.71485541, 6879841.37728811))       |
|214   |214|216506,350945909|5           |21,433291648843   |4,2866583297686   |29,422443461524   |0                   |61,0644915551486      |0                 |0                   |0                 |0                 |9,51306498332741  |0                 |0                  |0                |0                |0                            |0                                    |0                |0               |0                |Maïs grain et ensilage               |13,0881305688981   |Plantes à fibres                     |2,03896296262052    |0,884947347859813  |100               |0                 |list(c(459257.5, 459007.5, 459007.5, 459257.5, 459507.5, 459507.5, 459257.5, 6880707.4026919, 6880851.74025919, 6881140.41539379, 6881284.75296109, 6881140.41539379, 6880851.74025919, 6880707.4026919))  |
|215   |215|216506,350946147|11          |17,0014460680168  |1,54558600618334  |37,2614625328821  |8,36787533893438    |27,4050375858047      |0,366783201438334 |0                   |0                 |0                 |0,269730799218666 |0                 |0                  |25,9144955634357 |0                |0                            |0,41461497828611                     |0                |0               |0                |Blé tendre                           |6,33498745668222   |Plantes à fibres                     |0,045858136357992   |1,33939022572437   |100               |0                 |list(c(459257.5, 459007.5, 459007.5, 459257.5, 459507.5, 459507.5, 459257.5, 6885037.52971082, 6885181.86727812, 6885470.54241271, 6885614.87998001, 6885470.54241271, 6885181.86727812, 6885037.52971082))|
|216   |216|216506,350945909|10          |15,0479080401303  |1,50479080401303  |39,5882394652095  |4,22459465540945    |0                     |4,73178903834149  |0                   |12,6938347357489  |0                 |19,9562090945967  |0                 |0                  |0                |0                |0                            |18,805333010694                      |0                |0               |0                |Blé tendre                           |5,95720186943131   |Prairies permanentes                 |0,635713118814275   |1,54274738918402   |100               |0                 |list(c(459257.5, 459007.5, 459007.5, 459257.5, 459507.5, 459507.5, 459257.5, 6885903.5551146, 6886047.8926819, 6886336.56781649, 6886480.90538379, 6886336.56781649, 6886047.8926819, 6885903.5551146))    |
|217   |217|216506,350945909|9           |14,7677343825748  |1,64085937584164  |18,1810939905587  |7,88101844466036    |0                     |0                 |32,2596746725459    |1,18165106577921  |0                 |10,5114521199309  |0                 |25,9437278332906   |0                |0                |0                            |4,04138187323427                     |0                |0               |0                |Prairies temporaires                 |4,76402306832434   |Colza                                |0,174503090723138   |1,64410475076979   |19,5741216303705  |19,5741216303705  |list(c(459257.5, 459007.5, 459007.5, 459257.5, 459507.5, 459507.5, 459257.5, 6886769.58051839, 6886913.91808568, 6887202.59322028, 6887346.93078758, 6887202.59322028, 6886913.91808568, 6886769.58051839))|
|218   |218|216506,350945905|8           |12,9107492292245  |1,61384365365306  |0                 |98,8619781186898    |0,879543021162133     |0                 |0                   |0                 |0                 |0                 |0                 |0                  |0                |0                |0                            |0,258478860148075                    |0                |0               |0                |Prairies permanentes                 |12,7638220779548   |Gel (surfaces gelées sans production)|0,0333715574442758  |0,0683490469870624 |100               |0                 |list(c(459507.5, 459257.5, 459257.5, 459507.5, 459757.5, 459757.5, 459507.5, 6877676.31377865, 6877820.65134595, 6878109.32648054, 6878253.66404784, 6878109.32648054, 6877820.65134595, 6877676.31377865))|
|219   |219|216506,350945905|10          |10,1706947673814  |1,01706947673814  |5,12665092950631  |2,09917828217423    |32,0426187008704      |0                 |0                   |0                 |0                 |0                 |50,1498639438647  |10,5816881435843   |0                |0                |0                            |0                                    |0                |0               |0                |Divers                               |5,10058958798753   |Prairies permanentes                 |0,213501015703101   |1,18186177762928   |100               |0                 |list(c(459507.5, 459257.5, 459257.5, 459507.5, 459757.5, 459757.5, 459507.5, 6878542.33918244, 6878686.67674973, 6878975.35188433, 6879119.68945162, 6878975.35188433, 6878686.67674973, 6878542.33918244))|
|220   |220|216506,350946121|7           |4,88256127222419  |0,697508753174885 |50,2604750117089  |45,8754949024852    |0,886154324069963     |0,0213295928515426|0                   |0                 |0                 |0                 |0                 |0                  |0                |0                |0                            |2,95654616888445                     |0                |0               |0                |Blé tendre                           |2,45399848815762   |Orge                                 |0,00104143044009252 |0,851034623225356  |100               |0                 |list(c(459507.5, 459257.5, 459257.5, 459507.5, 459757.5, 459757.5, 459507.5, 6879408.36458622, 6879552.70215352, 6879841.37728811, 6879985.71485541, 6879841.37728811, 6879552.70215352, 6879408.36458622))|
|221   |221|216506,350946121|7           |21,4824847558901  |3,06892639369859  |9,8290507692757   |0                   |65,6673535887741      |22,9663392962477  |0                   |0                 |0                 |1,53725634570249  |0                 |0                  |0                |0                |0                            |0                                    |0                |0               |0                |Maïs grain et ensilage               |14,1069792243049   |Plantes à fibres                     |0,330240860124491   |0,906243328095461  |100               |0                 |list(c(459507.5, 459257.5, 459257.5, 459507.5, 459757.5, 459757.5, 459507.5, 6880274.38999, 6880418.7275573, 6880707.4026919, 6880851.74025919, 6880707.4026919, 6880418.7275573, 6880274.38999))          |
|222   |222|216506,350946121|7           |20,0164206509942  |2,85948866442775  |38,3855619918454  |0                   |0                     |13,2451362561457  |0                   |8,41891720960491  |0                 |39,4351588731535  |0                 |0                  |0,504282194051912|0                |0                            |0,0109434751985611                   |0                |0               |0                |Plantes à fibres                     |7,89350728443828   |Gel (surfaces gelées sans production)|0,00219049202958122 |1,23825774319606   |100               |0                 |list(c(459507.5, 459257.5, 459257.5, 459507.5, 459757.5, 459757.5, 459507.5, 6885470.54241271, 6885614.87998001, 6885903.5551146, 6886047.8926819, 6885903.5551146, 6885614.87998001, 6885470.54241271))   |
|223   |223|216506,350946367|6           |10,1152775875838  |1,68587959793063  |55,5314358504352  |0                   |0                     |0                 |0                   |0                 |0                 |26,2860891011562  |0                 |0                  |0                |0                |0                            |18,1824750484087                     |0                |0               |0                |Blé tendre                           |5,61715888464255   |Gel (surfaces gelées sans production)|1,8392078234397     |0,987822753131194  |100               |0                 |list(c(459507.5, 459257.5, 459257.5, 459507.5, 459757.5, 459757.5, 459507.5, 6886336.56781649, 6886480.90538379, 6886769.58051839, 6886913.91808568, 6886769.58051839, 6886480.90538379, 6886336.56781649))|
|224   |224|216506,35094592 |15          |10,5066857855888  |0,700445719039255 |0,609057851992135 |55,5786524814563    |16,4526750165588      |0                 |0                   |11,5017138379161  |0                 |0                 |11,2346207659598  |0                  |0                |0                |0                            |0,930096394697184                    |0                |3,69318365141979|0                |Prairies permanentes                 |5,83947438009098   |Blé tendre                           |0,0639917947612703  |1,31412488538477   |100               |0                 |list(c(459757.5, 459507.5, 459507.5, 459757.5, 460007.5, 460007.5, 459757.5, 6877243.30107676, 6877387.63864406, 6877676.31377865, 6877820.65134595, 6877676.31377865, 6877387.63864406, 6877243.30107676))|
|225   |225|216506,350946382|8           |16,9081808141607  |2,11352260177009  |0                 |86,5966849346528    |2,70520596399524      |0                 |0                   |0                 |0                 |0                 |10,698109101352   |0                  |0                |0                |0                            |0                                    |0                |0               |0                |Prairies permanentes                 |14,6419240678201   |Maïs grain et ensilage               |0,457401115787774   |0,461391620616743  |100               |0                 |list(c(459757.5, 459507.5, 459507.5, 459757.5, 460007.5, 460007.5, 459757.5, 6878109.32648054, 6878253.66404784, 6878542.33918244, 6878686.67674973, 6878542.33918244, 6878253.66404784, 6878109.32648054))|
|226   |226|216506,350946158|3           |8,22578473735567  |2,74192824578522  |51,4293691585905  |0                   |0                     |0                 |0                   |0                 |0                 |0                 |0                 |0                  |0                |0                |0                            |48,5706308414095                     |0                |0               |0                |Blé tendre                           |4,23046919876564   |Gel (surfaces gelées sans production)|3,99531553859003    |0,692738505646877  |100               |0                 |list(c(459757.5, 459507.5, 459507.5, 459757.5, 460007.5, 460007.5, 459757.5, 6878975.35188433, 6879119.68945162, 6879408.36458622, 6879552.70215352, 6879408.36458622, 6879119.68945162, 6878975.35188433))|
|227   |227|216506,350946158|8           |18,2891767182652  |2,28614708978316  |0                 |13,5293363741722    |9,82274057949141      |67,6030619824197  |0                   |0                 |0                 |0                 |0                 |0                  |8,81294650937989 |0                |0                            |0,23191455453685                     |0                |0               |0                |Orge                                 |12,3640434729231   |Gel (surfaces gelées sans production)|0,0424152627146221  |0,99137095546303   |100               |0                 |list(c(459757.5, 459507.5, 459507.5, 459757.5, 460007.5, 460007.5, 459757.5, 6879841.37728811, 6879985.71485541, 6880274.38999, 6880418.7275573, 6880274.38999, 6879985.71485541, 6879841.37728811))       |
|228   |228|216506,35094592 |8           |21,4551386365802  |2,68189232957252  |72,1511192879847  |0                   |9,90396242520393      |5,00240384226887  |0                   |0                 |0                 |12,9425144445425  |0                 |0                  |0                |0                |0                            |0                                    |0                |0               |0                |Blé tendre                           |15,4801226710814   |Orge                                 |1,0732726795204     |0,878973535544169  |100               |0                 |list(c(459757.5, 459507.5, 459507.5, 459757.5, 460007.5, 460007.5, 459757.5, 6880707.4026919, 6880851.74025919, 6881140.41539379, 6881284.75296109, 6881140.41539379, 6880851.74025919, 6880707.4026919))  |
|229   |229|216506,350946158|9           |20,6402618259821  |2,29336242510912  |31,6524989449516  |0                   |13,5972760164925      |23,9795920339011  |0                   |0,0800884353733903|0                 |0,0625174553150074|0,137078065472429 |0                  |30,490949048494  |0                |0                            |0                                    |0                |0               |0                |Blé tendre                           |6,53315865670423   |Plantes à fibres                     |0,0129037664639589  |1,35935505758459   |100               |0                 |list(c(459757.5, 459507.5, 459507.5, 459757.5, 460007.5, 460007.5, 459757.5, 6885037.52971082, 6885181.86727812, 6885470.54241271, 6885614.87998001, 6885470.54241271, 6885181.86727812, 6885037.52971082))|
|230   |230|216506,35094592 |11          |19,9151618391444  |1,81046925810403  |18,5589555002492  |0                   |0                     |25,1444345580629  |0                   |23,4436642691846  |0                 |27,465394329162   |0                 |0                  |0                |0                |0                            |5,38755134334124                     |0                |0               |0                |Plantes à fibres                     |5,46977773041179   |Gel (surfaces gelées sans production)|1,0729395691934     |1,51206170487893   |100               |0                 |list(c(459757.5, 459507.5, 459507.5, 459757.5, 460007.5, 460007.5, 459757.5, 6885903.5551146, 6886047.8926819, 6886336.56781649, 6886480.90538379, 6886336.56781649, 6886047.8926819, 6885903.5551146))    |
|231   |231|216506,35094592 |1           |0,0559243621157482|0,0559243621157482|0                 |100                 |0                     |0                 |0                   |0                 |0                 |0                 |0                 |0                  |0                |0                |0                            |0                                    |0                |0               |0                |Prairies permanentes                 |0,0559243621157482 |Prairies permanentes                 |0,0559243621157482  |0                  |100               |0                 |list(c(459757.5, 459507.5, 459507.5, 459757.5, 460007.5, 460007.5, 459757.5, 6886769.58051839, 6886913.91808568, 6887202.59322028, 6887346.93078758, 6887202.59322028, 6886913.91808568, 6886769.58051839))|
|232   |232|216506,350946367|16          |13,6671930030946  |0,854199562693414 |29,1344823037796  |22,4342646597781    |32,5706515455945      |0                 |2,27065409979913    |0                 |0                 |0                 |13,2859541557477  |0                  |0                |0                |0                            |0,30399323530094                     |0                |0               |0                |Maïs grain et ensilage               |4,45149380910182   |Gel (surfaces gelées sans production)|0,041547342184931   |1,43170044109159   |100               |0                 |list(c(460007.5, 459757.5, 459757.5, 460007.5, 460257.5, 460257.5, 460007.5, 6876810.28837487, 6876954.62594216, 6877243.30107676, 6877387.63864406, 6877243.30107676, 6876954.62594216, 6876810.28837487))|
|233   |233|216506,35094592 |11          |11,9961131584911  |1,09055574168101  |18,2721071662931  |39,2697193367741    |41,637383583268       |0                 |0                   |0                 |0                 |0                 |0                 |0                  |0                |0                |0                            |0,820789913664767                    |0                |0               |0                |Maïs grain et ensilage               |4,99486765088384   |Gel (surfaces gelées sans production)|0,098462886836707   |1,08188354151343   |100               |0                 |list(c(460007.5, 459757.5, 459757.5, 460007.5, 460257.5, 460257.5, 460007.5, 6877676.31377865, 6877820.65134595, 6878109.32648054, 6878253.66404784, 6878109.32648054, 6877820.65134595, 6877676.31377865))|
|234   |234|216506,35094592 |7           |13,7255948698288  |1,9607992671184   |27,3824860309399  |9,72617677909478    |1,05515848143746      |0                 |0                   |0                 |0                 |0                 |61,8361787085279  |0                  |0                |0                |0                            |0                                    |0                |0               |0                |Divers                               |8,48738337251586   |Maïs grain et ensilage               |0,144826778396743   |0,926590518495613  |100               |0                 |list(c(460007.5, 459757.5, 459757.5, 460007.5, 460257.5, 460257.5, 460007.5, 6878542.33918244, 6878686.67674973, 6878975.35188433, 6879119.68945162, 6878975.35188433, 6878686.67674973, 6878542.33918244))|
|235   |235|216506,350946162|6           |5,2703953389188   |0,878399223153133 |9,97778668520937  |90,0222133147906    |0                     |0                 |0                   |0                 |0                 |0                 |0                 |0                  |0                |0                |0                            |0                                    |0                |0               |0                |Prairies permanentes                 |4,74452653453426   |Blé tendre                           |0,525868804384535   |0,32459462267027   |100               |0                 |list(c(460007.5, 459757.5, 459757.5, 460007.5, 460257.5, 460257.5, 460007.5, 6879408.36458622, 6879552.70215352, 6879841.37728811, 6879985.71485541, 6879841.37728811, 6879552.70215352, 6879408.36458622))|
|236   |236|216506,350946162|5           |21,2124826030959  |4,24249652061918  |22,9604764274059  |0                   |0                     |43,7379980776765  |0                   |0                 |0                 |0                 |0                 |0                  |33,3015254949176 |0                |0                            |0                                    |0                |0               |0                |Orge                                 |9,27791523316955   |Blé tendre                           |4,87048706775141    |1,06570473978963   |100               |0                 |list(c(460007.5, 459757.5, 459757.5, 460007.5, 460257.5, 460257.5, 460007.5, 6880274.38999, 6880418.7275573, 6880707.4026919, 6880851.74025919, 6880707.4026919, 6880418.7275573, 6880274.38999))          |
|237   |237|216506,350946162|8           |19,6841131301057  |2,46051414126321  |3,95198942355228  |0                   |2,12512285302291      |26,0343794228386  |0                   |48,2782869822702  |0                 |19,6102213183161  |0                 |0                  |0                |0                |0                            |0                                    |0                |0               |0                |Colza                                |9,50315262686714   |Maïs grain et ensilage               |0,418311586542759   |1,23092152266926   |100               |0                 |list(c(460007.5, 459757.5, 459757.5, 460007.5, 460257.5, 460257.5, 460007.5, 6885470.54241271, 6885614.87998001, 6885903.5551146, 6886047.8926819, 6885903.5551146, 6885614.87998001, 6885470.54241271))   |
|238   |238|216506,350946367|4           |9,75028797048487  |2,43757199262122  |19,948572313357   |0                   |46,2986781209151      |10,1398682698743  |0                   |0                 |0                 |23,6128812958537  |0                 |0                  |0                |0                |0                            |0                                    |0                |0               |0                |Maïs grain et ensilage               |4,51425444331709   |Orge                                 |0,988666356140561   |1,25099337284085   |100               |0                 |list(c(460007.5, 459757.5, 459757.5, 460007.5, 460257.5, 460257.5, 460007.5, 6886336.56781649, 6886480.90538379, 6886769.58051839, 6886913.91808568, 6886769.58051839, 6886480.90538379, 6886336.56781649))|
|239   |239|216506,350945916|18          |16,9929676450948  |0,944053758060822 |12,762119114049   |21,8236288988932    |27,0814007874852      |0,572578612018177 |0                   |9,10547779527619  |0                 |0                 |27,4443015141042  |0                  |0                |0                |0                            |1,21049327817402                     |0                |0               |0                |Divers                               |4,66360127671399   |Orge                                 |0,0972980982829817  |1,60474300546857   |100               |0                 |list(c(460257.5, 460007.5, 460007.5, 460257.5, 460507.5, 460507.5, 460257.5, 6876377.27567297, 6876521.61324027, 6876810.28837487, 6876954.62594216, 6876810.28837487, 6876521.61324027, 6876377.27567297))|
|240   |240|216506,350945916|6           |21,4433803387576  |3,57389672312627  |45,3176428356656  |19,320267927227     |35,3603037669481      |0                 |0                   |0                 |0                 |0                 |0                 |0                  |0                |0                |0                            |0,00178547015919553                  |0                |0               |0                |Blé tendre                           |9,71763451381152   |Gel (surfaces gelées sans production)|0,000382865157071319|1,04409943240319   |100               |0                 |list(c(460257.5, 460007.5, 460007.5, 460257.5, 460507.5, 460507.5, 460257.5, 6877243.30107676, 6877387.63864406, 6877676.31377865, 6877820.65134595, 6877676.31377865, 6877387.63864406, 6877243.30107676))|
|241   |241|216506,350946363|8           |19,4096130475596  |2,42620163094495  |0                 |87,1026182677212    |0                     |0                 |0                   |7,41294998630161  |0                 |0                 |5,48443174597715  |0                  |0                |0                |0                            |0                                    |0                |0               |0                |Prairies permanentes                 |16,9062811600576   |Divers                               |1,06450697975168    |0,472381889493041  |100               |0                 |list(c(460257.5, 460007.5, 460007.5, 460257.5, 460507.5, 460507.5, 460257.5, 6878109.32648054, 6878253.66404784, 6878542.33918244, 6878686.67674973, 6878542.33918244, 6878253.66404784, 6878109.32648054))|
|242   |242|216506,35094614 |9           |19,1601909059906  |2,12891010066562  |88,6899744261317  |4,67836496053814    |6,63166061333013      |0                 |0                   |0                 |0                 |0                 |0                 |0                  |0                |0                |0                            |0                                    |0                |0               |0                |Blé tendre                           |16,993168414521    |Prairies permanentes                 |0,896383657718077   |0,429648397835131  |100               |0                 |list(c(460257.5, 460007.5, 460007.5, 460257.5, 460507.5, 460507.5, 460257.5, 6878975.35188433, 6879119.68945162, 6879408.36458622, 6879552.70215352, 6879408.36458622, 6879119.68945162, 6878975.35188433))|
|243   |243|216506,350945916|6           |16,0512834956672  |2,67521391594453  |46,7593494013213  |0                   |10,2205418622634      |35,3996047822124  |0                   |0                 |0                 |7,62050395420295  |0                 |0                  |0                |0                |0                            |0                                    |0                |0               |0                |Blé tendre                           |7,50547573313564   |Plantes à fibres                     |1,22318869348764    |1,15234194731187   |100               |0                 |list(c(460257.5, 460007.5, 460007.5, 460257.5, 460507.5, 460507.5, 460257.5, 6885903.5551146, 6886047.8926819, 6886336.56781649, 6886480.90538379, 6886336.56781649, 6886047.8926819, 6885903.5551146))    |
|244   |244|216506,3509464  |20          |20,5053621193733  |1,02526810596866  |8,58815223142911  |0                   |15,2698865754995      |0                 |0,0408522736899528  |39,3128368953095  |0                 |0                 |35,2601426390109  |0                  |0                |0                |0                            |1,52812938506115                     |0                |0               |0                |Colza                                |8,06123956478179   |Prairies temporaires                 |0,00837690665412229 |1,29945643261478   |100               |0                 |list(c(460507.5, 460257.5, 460257.5, 460507.5, 460757.5, 460757.5, 460507.5, 6876810.28837487, 6876954.62594216, 6877243.30107676, 6877387.63864406, 6877243.30107676, 6876954.62594216, 6876810.28837487))|
|245   |245|216506,350945909|6           |16,7650868640874  |2,79418114401457  |48,461016807341   |1,9268411110584     |0                     |0                 |0                   |49,3096493162557  |0                 |0                 |0,30249276534487  |0                  |0                |0                |0                            |0                                    |0                |0               |0                |Colza                                |8,26680554024714   |Divers                               |0,0507131748676475  |0,793344476102402  |100               |0                 |list(c(460507.5, 460257.5, 460257.5, 460507.5, 460757.5, 460757.5, 460507.5, 6877676.31377865, 6877820.65134595, 6878109.32648054, 6878253.66404784, 6878109.32648054, 6877820.65134595, 6877676.31377865))|
|246   |246|216506,350945909|5           |9,87811519263517  |1,97562303852703  |38,2725017655119  |8,97920381826605    |0                     |0                 |0                   |52,7482944162221  |0                 |0                 |0                 |0                  |0                |0                |0                            |0                                    |0                |0               |0                |Colza                                |5,21053728458476   |Prairies permanentes                 |0,886976096549816   |0,921404443593248  |100               |0                 |list(c(460507.5, 460257.5, 460257.5, 460507.5, 460757.5, 460757.5, 460507.5, 6878542.33918244, 6878686.67674973, 6878975.35188433, 6879119.68945162, 6878975.35188433, 6878686.67674973, 6878542.33918244))|
|247   |247|216506,350946173|12          |20,2986171532565  |1,69155142943804  |86,8268846639688  |5,26419324042096    |0                     |0                 |0,455101032328316   |0                 |0                 |0                 |0                 |5,32246328320608   |0                |0                |0                            |2,13135778007581                     |0                |0               |0                |Blé tendre                           |17,6246569040386   |Prairies temporaires                 |0,092379216212843   |0,54032155031599   |100               |0                 |list(c(460507.5, 460257.5, 460257.5, 460507.5, 460757.5, 460757.5, 460507.5, 6879408.36458622, 6879552.70215352, 6879841.37728811, 6879985.71485541, 6879841.37728811, 6879552.70215352, 6879408.36458622))|
|248   |248|216506,350945897|9           |20,5203303938825  |2,28003671043139  |40,6527266631627  |0                   |0,656863351016369     |0                 |0                   |58,6370372275032  |0                 |0                 |0,0533727583177413|0                  |0                |0                |0                            |0                                    |0                |0               |0                |Colza                                |12,0325137722675   |Divers                               |0,0109522663471289  |0,715955885077266  |100               |0                 |list(c(460757.5, 460507.5, 460507.5, 460757.5, 461007.5, 461007.5, 460757.5, 6877243.30107676, 6877387.63864406, 6877676.31377865, 6877820.65134595, 6877676.31377865, 6877387.63864406, 6877243.30107676))|
